id,gen,sp,ssp,en,rec,cnt,loc,lat,lng,alt,type,url,file,file-name,sono,lic,q,length,time,date,uploaded,also,rmk,bird-seen,playback-used
571265,Lagopus,lagopus,,Willow Ptarmigan,Hans Norelius,Sweden,"Kuoletisjaure, Mierkenis, Arjeplog Municipality, Norrbottens län",66.749,15.9642,700,call,//www.xeno-canto.org/571265,//www.xeno-canto.org/571265/download,XC571265-Dalripa_Arjeplogsfjällen_Juni2020_200614-094046.mp3,"{'small': '//www.xeno-canto.org/sounds/uploaded/MNQLBOLQFS/ffts/XC571265-small.png', 'med': '//www.xeno-canto.org/sounds/uploaded/MNQLBOLQFS/ffts/XC571265-med.png', 'large': '//www.xeno-canto.org/sounds/uploaded/MNQLBOLQFS/ffts/XC571265-large.png', 'full': '//www.xeno-canto.org/sounds/uploaded/MNQLBOLQFS/ffts/XC571265-full.png'}",//creativecommons.org/licenses/by-nc-sa/4.0/,no score,0:07,09:30,2020-06-14,2020-06-24,[''],,yes,no
567561,Lagopus,lagopus,,Willow Ptarmigan,Lars Edenius,Sweden,"Stekenjokk, Lappland",65.103,14.447,800,"male, song",//www.xeno-canto.org/567561,//www.xeno-canto.org/567561/download,XC567561-Dalripa_13.mp3,"{'small': '//www.xeno-canto.org/sounds/uploaded/MMEJYLOPDO/ffts/XC567561-small.png', 'med': '//www.xeno-canto.org/sounds/uploaded/MMEJYLOPDO/ffts/XC567561-med.png', 'large': '//www.xeno-canto.org/sounds/uploaded/MMEJYLOPDO/ffts/XC567561-large.png', 'full': '//www.xeno-canto.org/sounds/uploaded/MMEJYLOPDO/ffts/XC567561-full.png'}",//creativecommons.org/licenses/by-nc-sa/4.0/,A,0:53,04:00,2020-06-11,2020-06-12,"['Calcarius lapponicus', 'Anthus cervinus']",,yes,no
562187,Lagopus,lagopus,,Willow Ptarmigan,Steve Hampton,United States,"Salmon Lake, Nome Census Area, Alaska",64.9161,-164.964,140,call,//www.xeno-canto.org/562187,//www.xeno-canto.org/562187/download,XC562187-DR0000_0532a.mp3,"{'small': '//www.xeno-canto.org/sounds/uploaded/BUGKVZBWKF/ffts/XC562187-small.png', 'med': '//www.xeno-canto.org/sounds/uploaded/BUGKVZBWKF/ffts/XC562187-med.png', 'large': '//www.xeno-canto.org/sounds/uploaded/BUGKVZBWKF/ffts/XC562187-large.png', 'full': '//www.xeno-canto.org/sounds/uploaded/BUGKVZBWKF/ffts/XC562187-full.png'}",//creativecommons.org/licenses/by-nc-sa/4.0/,A,0:03,10:30,2017-06-03,2020-05-26,[''],,yes,no
509799,Lagopus,lagopus,scotica,Willow Ptarmigan,Andrew Harrop,United Kingdom,"Great Britain (near  Coedpoeth), Wrexham Principal Area, Wales",53.0528,-3.1158,400,call,//www.xeno-canto.org/509799,//www.xeno-canto.org/509799/download,XC509799-191204-RG2 clip.mp3,"{'small': '//www.xeno-canto.org/sounds/uploaded/HNYFHZLJOD/ffts/XC509799-small.png', 'med': '//www.xeno-canto.org/sounds/uploaded/HNYFHZLJOD/ffts/XC509799-med.png', 'large': '//www.xeno-canto.org/sounds/uploaded/HNYFHZLJOD/ffts/XC509799-large.png', 'full': '//www.xeno-canto.org/sounds/uploaded/HNYFHZLJOD/ffts/XC509799-full.png'}",//creativecommons.org/licenses/by-nc-sa/4.0/,A,0:12,07:00,2019-12-04,2019-12-04,[''],Pre-dawn calls from birds on moorland.,yes,no
506420,Lagopus,lagopus,scotica,Willow Ptarmigan,David Darrell-Lambert,United Kingdom,"Great Britain, North Lanarkshire, Scotland",55.9411,-3.9185,170,song,//www.xeno-canto.org/506420,//www.xeno-canto.org/506420/download,XC506420-Red Grouse call very good 2019 11 09 Slamannan_1737_short.mp3,"{'small': '//www.xeno-canto.org/sounds/uploaded/AYKHDFBYIH/ffts/XC506420-small.png', 'med': '//www.xeno-canto.org/sounds/uploaded/AYKHDFBYIH/ffts/XC506420-med.png', 'large': '//www.xeno-canto.org/sounds/uploaded/AYKHDFBYIH/ffts/XC506420-large.png', 'full': '//www.xeno-canto.org/sounds/uploaded/AYKHDFBYIH/ffts/XC506420-full.png'}",//creativecommons.org/licenses/by-nc-sa/4.0/,A,0:34,06:30,2019-11-09,2019-11-10,['Anser fabalis'],,yes,no
503407,Lagopus,lagopus,scotica,Willow Ptarmigan,David Pennington,United Kingdom,"Isle of Skye Quarry, Holmfirth, West Yorkshire, England",53.567,-1.8697,440,"call, wing beats in flight",//www.xeno-canto.org/503407,//www.xeno-canto.org/503407/download,XC503407-RedGrousecallandwingbeatsIoSq14Oct19.mp3,"{'small': '//www.xeno-canto.org/sounds/uploaded/NCKVRGEJTE/ffts/XC503407-small.png', 'med': '//www.xeno-canto.org/sounds/uploaded/NCKVRGEJTE/ffts/XC503407-med.png', 'large': '//www.xeno-canto.org/sounds/uploaded/NCKVRGEJTE/ffts/XC503407-large.png', 'full': '//www.xeno-canto.org/sounds/uploaded/NCKVRGEJTE/ffts/XC503407-full.png'}",//creativecommons.org/licenses/by-nc-sa/4.0/,A,0:12,08:00,2019-10-14,2019-10-21,[''],Call and wing beats captured passively when I'd left the recorder running and gone to watch another site.,no,no
503405,Lagopus,lagopus,scotica,Willow Ptarmigan,David Pennington,United Kingdom,"Isle of Skye Quarry, Holmfirth, West Yorkshire, England",53.567,-1.8697,440,call,//www.xeno-canto.org/503405,//www.xeno-canto.org/503405/download,XC503405-RedGrousecall2IoSq14Oct19.mp3,"{'small': '//www.xeno-canto.org/sounds/uploaded/NCKVRGEJTE/ffts/XC503405-small.png', 'med': '//www.xeno-canto.org/sounds/uploaded/NCKVRGEJTE/ffts/XC503405-med.png', 'large': '//www.xeno-canto.org/sounds/uploaded/NCKVRGEJTE/ffts/XC503405-large.png', 'full': '//www.xeno-canto.org/sounds/uploaded/NCKVRGEJTE/ffts/XC503405-full.png'}",//creativecommons.org/licenses/by-nc-sa/4.0/,A,0:31,08:00,2019-10-14,2019-10-21,[''],"Warning! This is a very loud recording, captured passively when I'd left the recorder running and gone to watch another site.",no,no
466497,Lagopus,lagopus,,Willow Ptarmigan,Lars Edenius,Sweden,"Krokträsket, Juktådalen, Sorsele",65.6834,16.4472,500,call,//www.xeno-canto.org/466497,//www.xeno-canto.org/466497/download,XC466497-Dalripa_09.mp3,"{'small': '//www.xeno-canto.org/sounds/uploaded/MMEJYLOPDO/ffts/XC466497-small.png', 'med': '//www.xeno-canto.org/sounds/uploaded/MMEJYLOPDO/ffts/XC466497-med.png', 'large': '//www.xeno-canto.org/sounds/uploaded/MMEJYLOPDO/ffts/XC466497-large.png', 'full': '//www.xeno-canto.org/sounds/uploaded/MMEJYLOPDO/ffts/XC466497-full.png'}",//creativecommons.org/licenses/by-nc-sa/4.0/,A,0:21,05:00,2019-04-11,2019-04-13,[''],"A male walking in the snow, presumably courting a hen",no,no
437537,Lagopus,lagopus,,Willow Ptarmigan,Lars Edenius,Sweden,"Krokbäck, Umeå Municipality, Västerbottens län",64.1621,20.3613,110,call,//www.xeno-canto.org/437537,//www.xeno-canto.org/437537/download,XC437537-Dalripa_05.mp3,"{'small': '//www.xeno-canto.org/sounds/uploaded/MMEJYLOPDO/ffts/XC437537-small.png', 'med': '//www.xeno-canto.org/sounds/uploaded/MMEJYLOPDO/ffts/XC437537-med.png', 'large': '//www.xeno-canto.org/sounds/uploaded/MMEJYLOPDO/ffts/XC437537-large.png', 'full': '//www.xeno-canto.org/sounds/uploaded/MMEJYLOPDO/ffts/XC437537-full.png'}",//creativecommons.org/licenses/by-nc-sa/4.0/,A,0:05,13:00,2018-10-07,2018-10-07,[''],Flushed birds,yes,no
431187,Lagopus,lagopus,alascensis,Willow Ptarmigan,Logan McLeod,Canada,"Yukon, Unorganized, Yukon, Yukon Territory",64.9729,-139.0422,1000,"call, flight call, male, song",//www.xeno-canto.org/431187,//www.xeno-canto.org/431187/download,XC431187-WIPT.mp3,"{'small': '//www.xeno-canto.org/sounds/uploaded/JRPEHMSIPP/ffts/XC431187-small.png', 'med': '//www.xeno-canto.org/sounds/uploaded/JRPEHMSIPP/ffts/XC431187-med.png', 'large': '//www.xeno-canto.org/sounds/uploaded/JRPEHMSIPP/ffts/XC431187-large.png', 'full': '//www.xeno-canto.org/sounds/uploaded/JRPEHMSIPP/ffts/XC431187-full.png'}",//creativecommons.org/licenses/by-nc-sa/4.0/,A,0:37,03:00,2018-06-04,2018-08-18,['Spizelloides arborea'],,no,no
421343,Lagopus,lagopus,scotica,Willow Ptarmigan,Fraser Simpson,United Kingdom,Carn an Tuirc,56.9084,-3.3732,650,"call, flight call",//www.xeno-canto.org/421343,//www.xeno-canto.org/421343/download,XC421343-redgrouse114979e.mp3,"{'small': '//www.xeno-canto.org/sounds/uploaded/UEJKHWSCLJ/ffts/XC421343-small.png', 'med': '//www.xeno-canto.org/sounds/uploaded/UEJKHWSCLJ/ffts/XC421343-med.png', 'large': '//www.xeno-canto.org/sounds/uploaded/UEJKHWSCLJ/ffts/XC421343-large.png', 'full': '//www.xeno-canto.org/sounds/uploaded/UEJKHWSCLJ/ffts/XC421343-full.png'}",//creativecommons.org/licenses/by-nc-sa/4.0/,A,0:10,13:30,2018-06-11,2018-06-20,[''],,yes,no
410894,Lagopus,lagopus,alascensis,Willow Ptarmigan,Frank Lambert,United States,"Teller road, Nome, Alaska",64.5622,-165.493,10,"call, male, song",//www.xeno-canto.org/410894,//www.xeno-canto.org/410894/download,"XC410894-Lagopus_lagopus_alascensis-FL song calls male Nome-Teller Hway, AK 3.55pm 3Jun15 LS116927a.mp3","{'small': '//www.xeno-canto.org/sounds/uploaded/YTUXOCTUEM/ffts/XC410894-small.png', 'med': '//www.xeno-canto.org/sounds/uploaded/YTUXOCTUEM/ffts/XC410894-med.png', 'large': '//www.xeno-canto.org/sounds/uploaded/YTUXOCTUEM/ffts/XC410894-large.png', 'full': '//www.xeno-canto.org/sounds/uploaded/YTUXOCTUEM/ffts/XC410894-full.png'}",//creativecommons.org/licenses/by-nc-nd/4.0/,A,0:16,15:55,2015-06-03,2018-04-15,[''],,yes,no
368547,Lagopus,lagopus,,Willow Ptarmigan,Stein Ø. Nilsen,Norway,"Kvaløya, Tromsø, Troms",69.6127,18.48,440,"call, male, mating calls, song",//www.xeno-canto.org/368547,//www.xeno-canto.org/368547/download,XC368547-170509-051430Lirype_paring_orrhane_lauksletta.mp3,"{'small': '//www.xeno-canto.org/sounds/uploaded/TLPLNAINFU/ffts/XC368547-small.png', 'med': '//www.xeno-canto.org/sounds/uploaded/TLPLNAINFU/ffts/XC368547-med.png', 'large': '//www.xeno-canto.org/sounds/uploaded/TLPLNAINFU/ffts/XC368547-large.png', 'full': '//www.xeno-canto.org/sounds/uploaded/TLPLNAINFU/ffts/XC368547-full.png'}",//creativecommons.org/licenses/by-nc-sa/4.0/,A,1:30,05:00,2017-05-09,2017-05-09,['Lyrurus tetrix'],"Mating calls from male Willow ptarmigan, one Black grouse male displaying through the recording. -4C and clear skies",yes,no
354748,Lagopus,lagopus,alascensis,Willow Ptarmigan,Frank Lambert,United States,"Mile 37 Ridge, Teller Highway, Nome Census Area, Alaska",64.8214,-166.0081,300,"male, song",//www.xeno-canto.org/354748,//www.xeno-canto.org/354748/download,"XC354748-Lagopus_lagopus_alascensis-FL song male Nome-Teller Hway, AK 6.20am 3Jun15 LS116915a.mp3","{'small': '//www.xeno-canto.org/sounds/uploaded/YTUXOCTUEM/ffts/XC354748-small.png', 'med': '//www.xeno-canto.org/sounds/uploaded/YTUXOCTUEM/ffts/XC354748-med.png', 'large': '//www.xeno-canto.org/sounds/uploaded/YTUXOCTUEM/ffts/XC354748-large.png', 'full': '//www.xeno-canto.org/sounds/uploaded/YTUXOCTUEM/ffts/XC354748-full.png'}",//creativecommons.org/licenses/by-nc-nd/4.0/,A,1:28,06:20,2015-06-03,2017-02-08,[''],Approx location only.,yes,no
353581,Lagopus,lagopus,alascensis,Willow Ptarmigan,Frank Lambert,United States,"Denali Wilderness Within Denali National Park, Denali, Alaska (approx location)",63.7158,-148.9528,600,"male, song",//www.xeno-canto.org/353581,//www.xeno-canto.org/353581/download,"XC353581-Lagopus_lagopus_alascensis-FL song male Denali NP, AK 7.29am 29May15 LS116776a.mp3","{'small': '//www.xeno-canto.org/sounds/uploaded/YTUXOCTUEM/ffts/XC353581-small.png', 'med': '//www.xeno-canto.org/sounds/uploaded/YTUXOCTUEM/ffts/XC353581-med.png', 'large': '//www.xeno-canto.org/sounds/uploaded/YTUXOCTUEM/ffts/XC353581-large.png', 'full': '//www.xeno-canto.org/sounds/uploaded/YTUXOCTUEM/ffts/XC353581-full.png'}",//creativecommons.org/licenses/by-nc-nd/4.0/,A,0:06,07:29,2015-05-29,2017-01-30,[''],,yes,no
340676,Lagopus,lagopus,,Willow Ptarmigan,Tero Linjama,Finland,"Kiilopää, Saariselkä, Inari, Lapland",68.334,27.3687,300,call,//www.xeno-canto.org/340676,//www.xeno-canto.org/340676/download,XC340676-74_laglag_kutsu_Suomi3_Inari_2012-06-03.mp3,"{'small': '//www.xeno-canto.org/sounds/uploaded/YSDNMROVID/ffts/XC340676-small.png', 'med': '//www.xeno-canto.org/sounds/uploaded/YSDNMROVID/ffts/XC340676-med.png', 'large': '//www.xeno-canto.org/sounds/uploaded/YSDNMROVID/ffts/XC340676-large.png', 'full': '//www.xeno-canto.org/sounds/uploaded/YSDNMROVID/ffts/XC340676-full.png'}",//creativecommons.org/licenses/by-nc-sa/4.0/,A,0:09,07:00,2012-06-03,2016-10-29,[''],,yes,no
340675,Lagopus,lagopus,,Willow Ptarmigan,Tero Linjama,Finland,"Kiilopää, Saariselkä, Inari, Lapland",68.334,27.3687,300,"male, song",//www.xeno-canto.org/340675,//www.xeno-canto.org/340675/download,XC340675-74_laglag_koiras-soidin2_Suomi_Inari_2012-06-03.mp3,"{'small': '//www.xeno-canto.org/sounds/uploaded/YSDNMROVID/ffts/XC340675-small.png', 'med': '//www.xeno-canto.org/sounds/uploaded/YSDNMROVID/ffts/XC340675-med.png', 'large': '//www.xeno-canto.org/sounds/uploaded/YSDNMROVID/ffts/XC340675-large.png', 'full': '//www.xeno-canto.org/sounds/uploaded/YSDNMROVID/ffts/XC340675-full.png'}",//creativecommons.org/licenses/by-nc-sa/4.0/,A,0:10,07:00,2012-06-03,2016-10-29,[''],,yes,no
317845,Lagopus,lagopus,scotica,Willow Ptarmigan,Bernard BOUSQUET,United Kingdom,"Highland, Scotland",57.3858,-3.7277,300,"call, song",//www.xeno-canto.org/317845,//www.xeno-canto.org/317845/download,"XC317845-323 lagopède d'écosse, 5 mai 2016, 21h.mp3","{'small': '//www.xeno-canto.org/sounds/uploaded/THHNKSHUMO/ffts/XC317845-small.png', 'med': '//www.xeno-canto.org/sounds/uploaded/THHNKSHUMO/ffts/XC317845-med.png', 'large': '//www.xeno-canto.org/sounds/uploaded/THHNKSHUMO/ffts/XC317845-large.png', 'full': '//www.xeno-canto.org/sounds/uploaded/THHNKSHUMO/ffts/XC317845-full.png'}",//creativecommons.org/licenses/by-nc-sa/4.0/,A,0:54,21:00,2016-05-05,2016-05-22,[''],Lots of calling birds around me.,yes,no
309146,Lagopus,lagopus,,Willow Ptarmigan,Stein Ø. Nilsen,Norway,Straumsbukta SNI,69.5778,18.6401,10,"display, song",//www.xeno-canto.org/309146,//www.xeno-canto.org/309146/download,XC309146-LIRYPE_display160328-020244Strbkt.mp3,"{'small': '//www.xeno-canto.org/sounds/uploaded/TLPLNAINFU/ffts/XC309146-small.png', 'med': '//www.xeno-canto.org/sounds/uploaded/TLPLNAINFU/ffts/XC309146-med.png', 'large': '//www.xeno-canto.org/sounds/uploaded/TLPLNAINFU/ffts/XC309146-large.png', 'full': '//www.xeno-canto.org/sounds/uploaded/TLPLNAINFU/ffts/XC309146-full.png'}",//creativecommons.org/licenses/by-nc-sa/4.0/,A,8:20,03:30,2016-03-28,2016-03-28,[''],,unknown,unknown
308074,Lagopus,lagopus,,Willow Ptarmigan,Stein Ø. Nilsen,Norway,Straumsbukta SNI,69.5778,18.6401,10,"Display, song",//www.xeno-canto.org/308074,//www.xeno-canto.org/308074/download,XC308074-160322-014314LIRYPE_Display_Strbkt.mp3,"{'small': '//www.xeno-canto.org/sounds/uploaded/TLPLNAINFU/ffts/XC308074-small.png', 'med': '//www.xeno-canto.org/sounds/uploaded/TLPLNAINFU/ffts/XC308074-med.png', 'large': '//www.xeno-canto.org/sounds/uploaded/TLPLNAINFU/ffts/XC308074-large.png', 'full': '//www.xeno-canto.org/sounds/uploaded/TLPLNAINFU/ffts/XC308074-full.png'}",//creativecommons.org/licenses/by-nc-sa/4.0/,A,1:18,05:00,2016-03-22,2016-03-22,[''],"Several birds displaying on snowy ground, -7C and clear skies. Zoom H5 Telinga stereo mic Pro-X",yes,no
304171,Lagopus,lagopus,,Willow Ptarmigan,Stein Ø. Nilsen,Norway,Straumsbukta SNI,69.5778,18.6401,10,"male, song",//www.xeno-canto.org/304171,//www.xeno-canto.org/304171/download,XC304171-Lirype_strbkt_UNCUT200216.mp3,"{'small': '//www.xeno-canto.org/sounds/uploaded/TLPLNAINFU/ffts/XC304171-small.png', 'med': '//www.xeno-canto.org/sounds/uploaded/TLPLNAINFU/ffts/XC304171-med.png', 'large': '//www.xeno-canto.org/sounds/uploaded/TLPLNAINFU/ffts/XC304171-large.png', 'full': '//www.xeno-canto.org/sounds/uploaded/TLPLNAINFU/ffts/XC304171-full.png'}",//creativecommons.org/licenses/by-nc-sa/4.0/,A,8:47,06:00,2016-02-20,2016-02-21,[''],Zoom H6 Røde VideoMicro 7 meters above the ground. No cutting of the intervals between bursts of song/displays.,no,no
269480,Lagopus,lagopus,,Willow Ptarmigan,Davyd Betchkal,United States,"Tanada Lake, Wrangell - St. Elias National Park, Alaska",62.3674,-143.3518,902,call,//www.xeno-canto.org/269480,//www.xeno-canto.org/269480/download,XC269480-WRSTTALA_20150502_212402 Willow Ptarmigan calls.mp3,"{'small': '//www.xeno-canto.org/sounds/uploaded/NPYDVIEFTA/ffts/XC269480-small.png', 'med': '//www.xeno-canto.org/sounds/uploaded/NPYDVIEFTA/ffts/XC269480-med.png', 'large': '//www.xeno-canto.org/sounds/uploaded/NPYDVIEFTA/ffts/XC269480-large.png', 'full': '//www.xeno-canto.org/sounds/uploaded/NPYDVIEFTA/ffts/XC269480-full.png'}",//creativecommons.org/licenses/by-nc-sa/4.0/,A,6:09,21:24,2015-05-02,2015-08-20,[''],"Site was located in an open White Spruce stand near a tussock wetland area. Snow and ice likely persisted at the site through mid-April.

Amplified +15 dBu for clarity.
Loudest sections around 00:04.6, 04:13.7, 04:35.6, 05:17.0",no,no
269479,Lagopus,lagopus,,Willow Ptarmigan,Davyd Betchkal,United States,"Tanada Lake, Wrangell - St. Elias National Park, Alaska",62.3674,-143.3518,902,call,//www.xeno-canto.org/269479,//www.xeno-canto.org/269479/download,XC269479-WRSTTALA_20150425_065345 Willow Ptarmigan calls.mp3,"{'small': '//www.xeno-canto.org/sounds/uploaded/NPYDVIEFTA/ffts/XC269479-small.png', 'med': '//www.xeno-canto.org/sounds/uploaded/NPYDVIEFTA/ffts/XC269479-med.png', 'large': '//www.xeno-canto.org/sounds/uploaded/NPYDVIEFTA/ffts/XC269479-large.png', 'full': '//www.xeno-canto.org/sounds/uploaded/NPYDVIEFTA/ffts/XC269479-full.png'}",//creativecommons.org/licenses/by-nc-sa/4.0/,A,4:00,06:53,2015-04-25,2015-08-20,[''],"Site was located in an open White Spruce stand near a tussock wetland area. Snow and ice likely persisted at the site through mid-April.

Amplified +6 dBu for clarity.
Clearest call begins at 2:39.",no,no
269477,Lagopus,lagopus,,Willow Ptarmigan,Davyd Betchkal,United States,"Tanada Lake, Wrangell - St. Elias National Park, Alaska",62.3674,-143.3518,902,"call, wingbeats",//www.xeno-canto.org/269477,//www.xeno-canto.org/269477/download,XC269477-WRSTTALA_20150406_054527 Willow Ptarmigan calls.mp3,"{'small': '//www.xeno-canto.org/sounds/uploaded/NPYDVIEFTA/ffts/XC269477-small.png', 'med': '//www.xeno-canto.org/sounds/uploaded/NPYDVIEFTA/ffts/XC269477-med.png', 'large': '//www.xeno-canto.org/sounds/uploaded/NPYDVIEFTA/ffts/XC269477-large.png', 'full': '//www.xeno-canto.org/sounds/uploaded/NPYDVIEFTA/ffts/XC269477-full.png'}",//creativecommons.org/licenses/by-nc-sa/4.0/,A,0:14,05:24,2015-04-06,2015-08-20,[''],Site was located in an open White Spruce stand near a tussock wetland area. Snow and ice likely persisted at the site through mid-April.,no,no
269476,Lagopus,lagopus,,Willow Ptarmigan,Davyd Betchkal,United States,"Tanada Lake, Wrangell - St. Elias National Park, Alaska",62.3674,-143.3518,900,call,//www.xeno-canto.org/269476,//www.xeno-canto.org/269476/download,XC269476-WRSTTALA_20150330_082403 Willow Ptarmigan call.mp3,"{'small': '//www.xeno-canto.org/sounds/uploaded/NPYDVIEFTA/ffts/XC269476-small.png', 'med': '//www.xeno-canto.org/sounds/uploaded/NPYDVIEFTA/ffts/XC269476-med.png', 'large': '//www.xeno-canto.org/sounds/uploaded/NPYDVIEFTA/ffts/XC269476-large.png', 'full': '//www.xeno-canto.org/sounds/uploaded/NPYDVIEFTA/ffts/XC269476-full.png'}",//creativecommons.org/licenses/by-nc-sa/4.0/,A,0:36,08:24,2015-03-30,2015-08-20,[''],"Site was located in an open White Spruce stand near a tussock wetland area. Snow and ice likely persisted at the site through mid-April.

Bandpass 100 - 10000 Hz, amplified +18.5 dBu for clarity.
Unusual high-pitched repeated call.",no,no
246557,Lagopus,lagopus,,Willow Ptarmigan,Terje Kolaas,Norway,"Herøy, Nordland",65.9817,12.2896,0,"male, song",//www.xeno-canto.org/246557,//www.xeno-canto.org/246557/download,XC246557-lirype-0520_082435.mp3,"{'small': '//www.xeno-canto.org/sounds/uploaded/CIMGCGUWCS/ffts/XC246557-small.png', 'med': '//www.xeno-canto.org/sounds/uploaded/CIMGCGUWCS/ffts/XC246557-med.png', 'large': '//www.xeno-canto.org/sounds/uploaded/CIMGCGUWCS/ffts/XC246557-large.png', 'full': '//www.xeno-canto.org/sounds/uploaded/CIMGCGUWCS/ffts/XC246557-full.png'}",//creativecommons.org/licenses/by-nc-nd/4.0/,A,0:08,08:30,2015-05-20,2015-05-29,[''],,yes,no
246556,Lagopus,lagopus,,Willow Ptarmigan,Terje Kolaas,Norway,"Herøy, Nordland",65.9817,12.2896,0,"male, song",//www.xeno-canto.org/246556,//www.xeno-canto.org/246556/download,XC246556-lirype-0520_082212.mp3,"{'small': '//www.xeno-canto.org/sounds/uploaded/CIMGCGUWCS/ffts/XC246556-small.png', 'med': '//www.xeno-canto.org/sounds/uploaded/CIMGCGUWCS/ffts/XC246556-med.png', 'large': '//www.xeno-canto.org/sounds/uploaded/CIMGCGUWCS/ffts/XC246556-large.png', 'full': '//www.xeno-canto.org/sounds/uploaded/CIMGCGUWCS/ffts/XC246556-full.png'}",//creativecommons.org/licenses/by-nc-nd/4.0/,A,0:04,08:30,2015-05-20,2015-05-29,[''],,yes,no
246555,Lagopus,lagopus,,Willow Ptarmigan,Terje Kolaas,Norway,"Herøy, Nordland",65.9817,12.2896,0,"male, song",//www.xeno-canto.org/246555,//www.xeno-canto.org/246555/download,XC246555-lirype-0520_081856.mp3,"{'small': '//www.xeno-canto.org/sounds/uploaded/CIMGCGUWCS/ffts/XC246555-small.png', 'med': '//www.xeno-canto.org/sounds/uploaded/CIMGCGUWCS/ffts/XC246555-med.png', 'large': '//www.xeno-canto.org/sounds/uploaded/CIMGCGUWCS/ffts/XC246555-large.png', 'full': '//www.xeno-canto.org/sounds/uploaded/CIMGCGUWCS/ffts/XC246555-full.png'}",//creativecommons.org/licenses/by-nc-nd/4.0/,A,0:21,08:30,2015-05-20,2015-05-29,[''],,yes,no
246551,Lagopus,lagopus,,Willow Ptarmigan,Terje Kolaas,Norway,"Dønna, Nordland",66.044,12.4585,240,"flight call, male",//www.xeno-canto.org/246551,//www.xeno-canto.org/246551/download,XC246551-lirype-0519_220338.mp3,"{'small': '//www.xeno-canto.org/sounds/uploaded/CIMGCGUWCS/ffts/XC246551-small.png', 'med': '//www.xeno-canto.org/sounds/uploaded/CIMGCGUWCS/ffts/XC246551-med.png', 'large': '//www.xeno-canto.org/sounds/uploaded/CIMGCGUWCS/ffts/XC246551-large.png', 'full': '//www.xeno-canto.org/sounds/uploaded/CIMGCGUWCS/ffts/XC246551-full.png'}",//creativecommons.org/licenses/by-nc-nd/4.0/,A,0:10,22:30,2015-05-19,2015-05-29,[''],,yes,no
233045,Lagopus,lagopus,,Willow Ptarmigan,Harry Lehto,Finland,"Luosto, Pelkosenniemi",,,?,"call, song",//www.xeno-canto.org/233045,//www.xeno-canto.org/233045/download,XC233045-Default Project.mp3,"{'small': '//www.xeno-canto.org/sounds/uploaded/ITRRPVYHIT/ffts/XC233045-small.png', 'med': '//www.xeno-canto.org/sounds/uploaded/ITRRPVYHIT/ffts/XC233045-med.png', 'large': '//www.xeno-canto.org/sounds/uploaded/ITRRPVYHIT/ffts/XC233045-large.png', 'full': '//www.xeno-canto.org/sounds/uploaded/ITRRPVYHIT/ffts/XC233045-full.png'}",//creativecommons.org/licenses/by-nc-sa/4.0/,A,1:04,?,2012-06-01,2015-03-26,"['Anthus trivialis', 'Phylloscopus trochilus', 'Turdus philomelos', 'Erithacus rubecula', 'Cuculus canorus', 'Fringilla montifringilla', 'Turdus iliacus', 'Numenius arquata']",,unknown,unknown
172689,Lagopus,lagopus,,Willow Ptarmigan,Stein Ø. Nilsen,Norway,Straumsbukta SNI,69.5778,18.6401,10,"Lekking, call, display, flight call, male",//www.xeno-canto.org/172689,//www.xeno-canto.org/172689/download,XC172689-140407-001Lirypespill_Straumsbukta.mp3,"{'small': '//www.xeno-canto.org/sounds/uploaded/TLPLNAINFU/ffts/XC172689-small.png', 'med': '//www.xeno-canto.org/sounds/uploaded/TLPLNAINFU/ffts/XC172689-med.png', 'large': '//www.xeno-canto.org/sounds/uploaded/TLPLNAINFU/ffts/XC172689-large.png', 'full': '//www.xeno-canto.org/sounds/uploaded/TLPLNAINFU/ffts/XC172689-full.png'}",//creativecommons.org/licenses/by-nc-sa/4.0/,A,8:28,04:00,2014-04-07,2014-04-07,[''],"Several birds displaying during the morning hours.
All night recording with EM-172 mics in parabola.",no,no
168818,Lagopus,lagopus,,Willow Ptarmigan,Stein Ø. Nilsen,Norway,"TISNES, TROMSOE",69.598,18.823,6,"Lekking, call, display",//www.xeno-canto.org/168818,//www.xeno-canto.org/168818/download,XC168818-ZOOM0004_LirypeTisnes02mars_2014.mp3,"{'small': '//www.xeno-canto.org/sounds/uploaded/TLPLNAINFU/ffts/XC168818-small.png', 'med': '//www.xeno-canto.org/sounds/uploaded/TLPLNAINFU/ffts/XC168818-med.png', 'large': '//www.xeno-canto.org/sounds/uploaded/TLPLNAINFU/ffts/XC168818-large.png', 'full': '//www.xeno-canto.org/sounds/uploaded/TLPLNAINFU/ffts/XC168818-full.png'}",//creativecommons.org/licenses/by-nc-sa/3.0/,A,2:40,07:00,2014-03-02,2014-03-05,[''],"5-6 birds fighting and displaying on frozen snow surface, -2C and clear skies. Reindeer and Elk walking and browsing in between the birds, hoofs crunchin snow could be heard on the recordings this morning.",yes,no
168817,Lagopus,lagopus,,Willow Ptarmigan,Stein Ø. Nilsen,Norway,"TISNES, TROMSOE",69.598,18.823,6,"Lekking, call, display",//www.xeno-canto.org/168817,//www.xeno-canto.org/168817/download,XC168817-ZOOM0002_LirypeTisnes0203_2014.mp3,"{'small': '//www.xeno-canto.org/sounds/uploaded/TLPLNAINFU/ffts/XC168817-small.png', 'med': '//www.xeno-canto.org/sounds/uploaded/TLPLNAINFU/ffts/XC168817-med.png', 'large': '//www.xeno-canto.org/sounds/uploaded/TLPLNAINFU/ffts/XC168817-large.png', 'full': '//www.xeno-canto.org/sounds/uploaded/TLPLNAINFU/ffts/XC168817-full.png'}",//creativecommons.org/licenses/by-nc-sa/3.0/,A,1:28,07:00,2014-03-02,2014-03-05,[''],"5-6 birds fighting and displaying on frozen snow surface, -2C and clear skies. Reindeer and Elk walking and browsing in between the birds, hoofs crunchin snow could be heard on the recordings this morning.",yes,no
168816,Lagopus,lagopus,,Willow Ptarmigan,Stein Ø. Nilsen,Norway,"TISNES, TROMSOE",69.598,18.823,0,"Lekking, display",//www.xeno-canto.org/168816,//www.xeno-canto.org/168816/download,XC168816-ZOOM0001_Lirype0203_2014Tisnes.mp3,"{'small': '//www.xeno-canto.org/sounds/uploaded/TLPLNAINFU/ffts/XC168816-small.png', 'med': '//www.xeno-canto.org/sounds/uploaded/TLPLNAINFU/ffts/XC168816-med.png', 'large': '//www.xeno-canto.org/sounds/uploaded/TLPLNAINFU/ffts/XC168816-large.png', 'full': '//www.xeno-canto.org/sounds/uploaded/TLPLNAINFU/ffts/XC168816-full.png'}",//creativecommons.org/licenses/by-nc-sa/3.0/,A,2:25,07:00,2014-03-02,2014-03-05,[''],"5-6 birds fighting and displaying on frozen snow surface, -2C and clear skies. Reindeer and Elk walking and browsing in between the birds, hoofs crunchin snow could be heard on the recordings this morning.",yes,no
167684,Lagopus,lagopus,,Willow Ptarmigan,Stein Ø. Nilsen,Norway,Straumsbukta SNI,69.5778,18.6401,10,"Display, call, song",//www.xeno-canto.org/167684,//www.xeno-canto.org/167684/download,XC167684-Lirype19022014_LR-0004.mp3,"{'small': '//www.xeno-canto.org/sounds/uploaded/TLPLNAINFU/ffts/XC167684-small.png', 'med': '//www.xeno-canto.org/sounds/uploaded/TLPLNAINFU/ffts/XC167684-med.png', 'large': '//www.xeno-canto.org/sounds/uploaded/TLPLNAINFU/ffts/XC167684-large.png', 'full': '//www.xeno-canto.org/sounds/uploaded/TLPLNAINFU/ffts/XC167684-full.png'}",//creativecommons.org/licenses/by-nc-sa/3.0/,A,1:19,05:30,2014-02-19,2014-02-19,[''],"Zoom H6 Telinga stereo on tripod, recorded all night 7 hours",no,no
167154,Lagopus,lagopus,,Willow Ptarmigan,Stein Ø. Nilsen,Norway,Straumsbukta SNI,69.5778,18.6401,15,"Display, male, song",//www.xeno-canto.org/167154,//www.xeno-canto.org/167154/download,XC167154-130416-001Lirype_regn_strbkt.mp3,"{'small': '//www.xeno-canto.org/sounds/uploaded/TLPLNAINFU/ffts/XC167154-small.png', 'med': '//www.xeno-canto.org/sounds/uploaded/TLPLNAINFU/ffts/XC167154-med.png', 'large': '//www.xeno-canto.org/sounds/uploaded/TLPLNAINFU/ffts/XC167154-large.png', 'full': '//www.xeno-canto.org/sounds/uploaded/TLPLNAINFU/ffts/XC167154-full.png'}",//creativecommons.org/licenses/by-nc-sa/3.0/,A,2:14,05:00,2013-04-16,2014-02-12,[''],"All night recording with Telinga and H4n, light rain could be heard as dripping from the roofs.",no,no
149806,Lagopus,lagopus,,Willow Ptarmigan,Jens Kirkeby,Norway,"Grindøya, Tromsø, Troms",69.6365,18.8518,0,"male, song",//www.xeno-canto.org/149806,//www.xeno-canto.org/149806/download,XC149806-Willow Grouse Grindøya Tromsoe NO 1967-06-01 Kirkeby.mp3,"{'small': '//www.xeno-canto.org/sounds/uploaded/YKITMEIRRE/ffts/XC149806-small.png', 'med': '//www.xeno-canto.org/sounds/uploaded/YKITMEIRRE/ffts/XC149806-med.png', 'large': '//www.xeno-canto.org/sounds/uploaded/YKITMEIRRE/ffts/XC149806-large.png', 'full': '//www.xeno-canto.org/sounds/uploaded/YKITMEIRRE/ffts/XC149806-full.png'}",//creativecommons.org/licenses/by-nc-sa/3.0/,A,0:41,02:00,1967-06-01,2013-10-05,[''],,yes,no
145656,Lagopus,lagopus,scotica,Willow Ptarmigan,Patrik Åberg,United Kingdom,"North York Moors National Park, North Yorkshire",54.3872,-0.8927,340,"call, juvenile",//www.xeno-canto.org/145656,//www.xeno-canto.org/145656/download,XC145656-Moripa-(2013-07-08 12.00)-[0.11]-LS113456.mp3,"{'small': '//www.xeno-canto.org/sounds/uploaded/BPSDQEOJWG/ffts/XC145656-small.png', 'med': '//www.xeno-canto.org/sounds/uploaded/BPSDQEOJWG/ffts/XC145656-med.png', 'large': '//www.xeno-canto.org/sounds/uploaded/BPSDQEOJWG/ffts/XC145656-large.png', 'full': '//www.xeno-canto.org/sounds/uploaded/BPSDQEOJWG/ffts/XC145656-full.png'}",//creativecommons.org/licenses/by-nc-sa/3.0/,A,0:10,12:00,2013-07-08,2013-08-18,[''],Call of flushed chicks,yes,no
145655,Lagopus,lagopus,scotica,Willow Ptarmigan,Patrik Åberg,United Kingdom,"North York Moors National Park, North Yorkshire",54.3872,-0.8927,340,call,//www.xeno-canto.org/145655,//www.xeno-canto.org/145655/download,XC145655-Moripa-(2013-07-08 12.03)-[0.16]-LS113457.mp3,"{'small': '//www.xeno-canto.org/sounds/uploaded/BPSDQEOJWG/ffts/XC145655-small.png', 'med': '//www.xeno-canto.org/sounds/uploaded/BPSDQEOJWG/ffts/XC145655-med.png', 'large': '//www.xeno-canto.org/sounds/uploaded/BPSDQEOJWG/ffts/XC145655-large.png', 'full': '//www.xeno-canto.org/sounds/uploaded/BPSDQEOJWG/ffts/XC145655-full.png'}",//creativecommons.org/licenses/by-nc-sa/3.0/,A,0:15,12:03,2013-07-08,2013-08-18,[''],Call of flushed bird,yes,no
145654,Lagopus,lagopus,scotica,Willow Ptarmigan,Patrik Åberg,United Kingdom,"North York Moors National Park, North Yorkshire",54.3872,-0.8927,340,call,//www.xeno-canto.org/145654,//www.xeno-canto.org/145654/download,XC145654-Moripa-(2013-07-08 11.05)-[0.09]-LS113451.mp3,"{'small': '//www.xeno-canto.org/sounds/uploaded/BPSDQEOJWG/ffts/XC145654-small.png', 'med': '//www.xeno-canto.org/sounds/uploaded/BPSDQEOJWG/ffts/XC145654-med.png', 'large': '//www.xeno-canto.org/sounds/uploaded/BPSDQEOJWG/ffts/XC145654-large.png', 'full': '//www.xeno-canto.org/sounds/uploaded/BPSDQEOJWG/ffts/XC145654-full.png'}",//creativecommons.org/licenses/by-nc-sa/3.0/,A,0:09,11:05,2013-07-08,2013-08-18,[''],Call of flushed bird,yes,no
145653,Lagopus,lagopus,scotica,Willow Ptarmigan,Patrik Åberg,United Kingdom,"North York Moors National Park, North Yorkshire",54.3872,-0.8927,340,call,//www.xeno-canto.org/145653,//www.xeno-canto.org/145653/download,XC145653-Moripa-(2013-07-08 12.00)-[0.37]-LS113456.mp3,"{'small': '//www.xeno-canto.org/sounds/uploaded/BPSDQEOJWG/ffts/XC145653-small.png', 'med': '//www.xeno-canto.org/sounds/uploaded/BPSDQEOJWG/ffts/XC145653-med.png', 'large': '//www.xeno-canto.org/sounds/uploaded/BPSDQEOJWG/ffts/XC145653-large.png', 'full': '//www.xeno-canto.org/sounds/uploaded/BPSDQEOJWG/ffts/XC145653-full.png'}",//creativecommons.org/licenses/by-nc-sa/3.0/,A,0:36,12:00,2013-07-08,2013-08-18,[''],Call of flushed bird,yes,no
143322,Lagopus,lagopus,,Willow Ptarmigan,Stein Ø. Nilsen,Norway,Brensholmen,69.586,18.044,10,"flight call, juvenile",//www.xeno-canto.org/143322,//www.xeno-canto.org/143322/download,XC143322-130722-002lirypechichs_brensholmen.mp3,"{'small': '//www.xeno-canto.org/sounds/uploaded/TLPLNAINFU/ffts/XC143322-small.png', 'med': '//www.xeno-canto.org/sounds/uploaded/TLPLNAINFU/ffts/XC143322-med.png', 'large': '//www.xeno-canto.org/sounds/uploaded/TLPLNAINFU/ffts/XC143322-large.png', 'full': '//www.xeno-canto.org/sounds/uploaded/TLPLNAINFU/ffts/XC143322-full.png'}",//creativecommons.org/licenses/by-nc-sa/3.0/,A,0:06,23:30,2013-07-22,2013-07-24,[''],H4n Telinga PIP Stereo ab. 100 mtr distance. 8-9 chicks flying up and chirping.,yes,no
139115,Lagopus,lagopus,,Willow Ptarmigan,Fernand DEROUSSEN,Finland,"Inari, Pohjois-Lappi, Lapland",68.7283,26.3559,200,"call, song",//www.xeno-canto.org/139115,//www.xeno-canto.org/139115/download,XC139115-2004062804 Lagopus lagopus C_F Deroussen.mp3,"{'small': '//www.xeno-canto.org/sounds/uploaded/UXGZWVYDFE/ffts/XC139115-small.png', 'med': '//www.xeno-canto.org/sounds/uploaded/UXGZWVYDFE/ffts/XC139115-med.png', 'large': '//www.xeno-canto.org/sounds/uploaded/UXGZWVYDFE/ffts/XC139115-large.png', 'full': '//www.xeno-canto.org/sounds/uploaded/UXGZWVYDFE/ffts/XC139115-full.png'}",//creativecommons.org/licenses/by-nc-nd/3.0/,A,0:56,?,2004-06-28,2013-06-20,[''],,yes,no
135139,Lagopus,lagopus,alascensis,Willow Ptarmigan,Andrew Spencer,United States,"Derby Creek, Council Road, Nome Census Area, Alaska",64.4655,-165.1492,10,"call, song",//www.xeno-canto.org/135139,//www.xeno-canto.org/135139/download,XC135139-Willow Ptarmigan2013-5-24-2.mp3,"{'small': '//www.xeno-canto.org/sounds/uploaded/CDTGHVBGZP/ffts/XC135139-small.png', 'med': '//www.xeno-canto.org/sounds/uploaded/CDTGHVBGZP/ffts/XC135139-med.png', 'large': '//www.xeno-canto.org/sounds/uploaded/CDTGHVBGZP/ffts/XC135139-large.png', 'full': '//www.xeno-canto.org/sounds/uploaded/CDTGHVBGZP/ffts/XC135139-full.png'}",//creativecommons.org/licenses/by-nc-sa/3.0/,A,1:32,23:50,2013-05-24,2013-05-27,[''],"natural vocalization; song in display flight and calls from the ground from a male bird along a road through tundra with isolated willows.  During the song flight the bird would give the first series of calls while in flight, and then the terminal, double-parted notes upon landing.  In the accelerating nasal call series the bird would stretch its neck out while calling.",yes,no
135138,Lagopus,lagopus,alascensis,Willow Ptarmigan,Andrew Spencer,United States,"Derby Creek, Council Road, Nome Census Area, Alaska",64.4655,-165.1492,10,"call, song",//www.xeno-canto.org/135138,//www.xeno-canto.org/135138/download,XC135138-Willow Ptarmigan2013-5-24-1.mp3,"{'small': '//www.xeno-canto.org/sounds/uploaded/CDTGHVBGZP/ffts/XC135138-small.png', 'med': '//www.xeno-canto.org/sounds/uploaded/CDTGHVBGZP/ffts/XC135138-med.png', 'large': '//www.xeno-canto.org/sounds/uploaded/CDTGHVBGZP/ffts/XC135138-large.png', 'full': '//www.xeno-canto.org/sounds/uploaded/CDTGHVBGZP/ffts/XC135138-full.png'}",//creativecommons.org/licenses/by-nc-sa/3.0/,A,3:31,23:50,2013-05-24,2013-05-27,[''],"natural vocalization; song in display flight and calls from the ground from a male bird along a road through tundra with isolated willows.  During the song flight the bird would give the first series of calls while in flight, and then the terminal, double-parted notes upon landing.  In the accelerating nasal call series the bird would stretch its neck out while calling.",yes,no
130283,Lagopus,lagopus,,Willow Ptarmigan,Stein Ø. Nilsen,Norway,Straumsbukta SNI,69.5778,18.6401,15,"Display, call, lekking, male, song",//www.xeno-canto.org/130283,//www.xeno-canto.org/130283/download,XC130283-130417-002rypenatt.mp3,"{'small': '//www.xeno-canto.org/sounds/uploaded/TLPLNAINFU/ffts/XC130283-small.png', 'med': '//www.xeno-canto.org/sounds/uploaded/TLPLNAINFU/ffts/XC130283-med.png', 'large': '//www.xeno-canto.org/sounds/uploaded/TLPLNAINFU/ffts/XC130283-large.png', 'full': '//www.xeno-canto.org/sounds/uploaded/TLPLNAINFU/ffts/XC130283-full.png'}",//creativecommons.org/licenses/by-nc-sa/3.0/,A,2:55,03:00,2013-04-17,2013-04-18,[''],Displaying on snowcovered ground,yes,no
129661,Lagopus,lagopus,,Willow Ptarmigan,Stein Ø. Nilsen,Norway,Straumsbukta SNI,69.5778,18.6401,15,"call, lekking, song",//www.xeno-canto.org/129661,//www.xeno-canto.org/129661/download,XC129661-130413-001lirypemorgen.mp3,"{'small': '//www.xeno-canto.org/sounds/uploaded/TLPLNAINFU/ffts/XC129661-small.png', 'med': '//www.xeno-canto.org/sounds/uploaded/TLPLNAINFU/ffts/XC129661-med.png', 'large': '//www.xeno-canto.org/sounds/uploaded/TLPLNAINFU/ffts/XC129661-large.png', 'full': '//www.xeno-canto.org/sounds/uploaded/TLPLNAINFU/ffts/XC129661-full.png'}",//creativecommons.org/licenses/by-nc-sa/3.0/,A,2:30,05:00,2013-04-13,2013-04-16,['Turdus merula'],Telinga PIP Stereo adn Zoom H4n on all night,yes,no
121051,Lagopus,lagopus,,Willow Ptarmigan,Stein Ø. Nilsen,Norway,Straumsbukta SNI,69.5778,18.6401,15,"Display, song",//www.xeno-canto.org/121051,//www.xeno-canto.org/121051/download,XC121051-130203-002LirypeGODStrbkt.mp3,"{'small': '//www.xeno-canto.org/sounds/uploaded/TLPLNAINFU/ffts/XC121051-small.png', 'med': '//www.xeno-canto.org/sounds/uploaded/TLPLNAINFU/ffts/XC121051-med.png', 'large': '//www.xeno-canto.org/sounds/uploaded/TLPLNAINFU/ffts/XC121051-large.png', 'full': '//www.xeno-canto.org/sounds/uploaded/TLPLNAINFU/ffts/XC121051-full.png'}",//creativecommons.org/licenses/by-nc-sa/3.0/,A,0:40,05:30,2013-02-03,2013-02-04,[''],"Zoom H4n, Telinga Stereo PIP
Recorder left all night, The Zoom creating 2 hour long files as long as there is space on the SD-card.",no,no
98789,Lagopus,lagopus,,Willow Ptarmigan,Stein Ø. Nilsen,Norway,Brensholmen,69.5859,18.0439,20,"Display song, feeding",//www.xeno-canto.org/98789,//www.xeno-canto.org/98789/download,lirype_beiter120415-010brensholmen.mp3,"{'small': '//www.xeno-canto.org/sounds/uploaded/TLPLNAINFU/ffts/XC98789-small.png', 'med': '//www.xeno-canto.org/sounds/uploaded/TLPLNAINFU/ffts/XC98789-med.png', 'large': '//www.xeno-canto.org/sounds/uploaded/TLPLNAINFU/ffts/XC98789-large.png', 'full': '//www.xeno-canto.org/sounds/uploaded/TLPLNAINFU/ffts/XC98789-full.png'}",//creativecommons.org/licenses/by-nc-nd/2.5/,A,1:47,06:20,2012-04-15,2012-04-15,['Numenius arquata'],Telinga stereo H4n -6C,unknown,unknown
98788,Lagopus,lagopus,,Willow Ptarmigan,Stein Ø. Nilsen,Norway,Brensholmen,69.5859,18.0439,20,Display song,//www.xeno-canto.org/98788,//www.xeno-canto.org/98788/download,lirypeSteinNilsen120415-009brensholmen.mp3,"{'small': '//www.xeno-canto.org/sounds/uploaded/TLPLNAINFU/ffts/XC98788-small.png', 'med': '//www.xeno-canto.org/sounds/uploaded/TLPLNAINFU/ffts/XC98788-med.png', 'large': '//www.xeno-canto.org/sounds/uploaded/TLPLNAINFU/ffts/XC98788-large.png', 'full': '//www.xeno-canto.org/sounds/uploaded/TLPLNAINFU/ffts/XC98788-full.png'}",//creativecommons.org/licenses/by-nc-nd/2.5/,A,2:35,06:20,2012-04-15,2012-04-15,['Numenius arquata'],Telinga stereo H4n -6C 0:12 Curlew 0:23 Magpie 0:39 Magpie 0:44 Crow 0:57 Willow Ptarmigan 1:33 Oystercatcher 2:00 Curlew 2:10 display 2:17 Curlew 2:23 Greenfinch,yes,no
98786,Lagopus,lagopus,,Willow Ptarmigan,Stein Ø. Nilsen,Norway,Brensholmen,69.5859,18.0439,20,Display song,//www.xeno-canto.org/98786,//www.xeno-canto.org/98786/download,lirype_storspov120415-007.mp3,"{'small': '//www.xeno-canto.org/sounds/uploaded/TLPLNAINFU/ffts/XC98786-small.png', 'med': '//www.xeno-canto.org/sounds/uploaded/TLPLNAINFU/ffts/XC98786-med.png', 'large': '//www.xeno-canto.org/sounds/uploaded/TLPLNAINFU/ffts/XC98786-large.png', 'full': '//www.xeno-canto.org/sounds/uploaded/TLPLNAINFU/ffts/XC98786-full.png'}",//creativecommons.org/licenses/by-nc-nd/2.5/,A,1:07,06:20,2012-04-15,2012-04-15,['Numenius arquata'],Telinga stereo H4n -6C,unknown,unknown
96977,Lagopus,lagopus,,Willow Ptarmigan,Stein Ø. Nilsen,Norway,Straumsbukta SNI,69.5778,18.6401,25,Display song,//www.xeno-canto.org/96977,//www.xeno-canto.org/96977/download,lirype190312Strmbukt0430-011c.mp3,"{'small': '//www.xeno-canto.org/sounds/uploaded/TLPLNAINFU/ffts/XC96977-small.png', 'med': '//www.xeno-canto.org/sounds/uploaded/TLPLNAINFU/ffts/XC96977-med.png', 'large': '//www.xeno-canto.org/sounds/uploaded/TLPLNAINFU/ffts/XC96977-large.png', 'full': '//www.xeno-canto.org/sounds/uploaded/TLPLNAINFU/ffts/XC96977-full.png'}",//creativecommons.org/licenses/by-nc-nd/2.5/,A,2:48,04:20,2012-03-19,2012-03-19,[''],"Several males displaying, wingflapping",unknown,unknown
96976,Lagopus,lagopus,,Willow Ptarmigan,Stein Ø. Nilsen,Norway,Straumsbukta SNI,69.5778,18.6401,25,Display song,//www.xeno-canto.org/96976,//www.xeno-canto.org/96976/download,lirype190312Strmbukt0430-011b.mp3,"{'small': '//www.xeno-canto.org/sounds/uploaded/TLPLNAINFU/ffts/XC96976-small.png', 'med': '//www.xeno-canto.org/sounds/uploaded/TLPLNAINFU/ffts/XC96976-med.png', 'large': '//www.xeno-canto.org/sounds/uploaded/TLPLNAINFU/ffts/XC96976-large.png', 'full': '//www.xeno-canto.org/sounds/uploaded/TLPLNAINFU/ffts/XC96976-full.png'}",//creativecommons.org/licenses/by-nc-nd/2.5/,A,0:49,04:20,2012-03-19,2012-03-19,[''],"Telinga stereo, Zoom H4n, on tripod",unknown,unknown
96975,Lagopus,lagopus,,Willow Ptarmigan,Stein Ø. Nilsen,Norway,Straumsbukta SNI,69.5778,18.6401,25,Display song,//www.xeno-canto.org/96975,//www.xeno-canto.org/96975/download,lirype190312Strmbukt0430-011a.mp3,"{'small': '//www.xeno-canto.org/sounds/uploaded/TLPLNAINFU/ffts/XC96975-small.png', 'med': '//www.xeno-canto.org/sounds/uploaded/TLPLNAINFU/ffts/XC96975-med.png', 'large': '//www.xeno-canto.org/sounds/uploaded/TLPLNAINFU/ffts/XC96975-large.png', 'full': '//www.xeno-canto.org/sounds/uploaded/TLPLNAINFU/ffts/XC96975-full.png'}",//creativecommons.org/licenses/by-nc-nd/2.5/,A,1:26,04:20,2012-03-19,2012-03-19,[''],"Telinga stereo, Zoom H4n, on tripod",unknown,unknown
71943,Lagopus,lagopus,scotica,Willow Ptarmigan,Richard Dunn,United Kingdom,"Allenheads, Northumberland",54.813,-2.254,467,song,//www.xeno-canto.org/71943,//www.xeno-canto.org/71943/download,Grouse-Red-110222-004.mp3,"{'small': '//www.xeno-canto.org/sounds/uploaded/EUHNGQTHJS/ffts/XC71943-small.png', 'med': '//www.xeno-canto.org/sounds/uploaded/EUHNGQTHJS/ffts/XC71943-med.png', 'large': '//www.xeno-canto.org/sounds/uploaded/EUHNGQTHJS/ffts/XC71943-large.png', 'full': '//www.xeno-canto.org/sounds/uploaded/EUHNGQTHJS/ffts/XC71943-full.png'}",//creativecommons.org/licenses/by-nc-nd/2.5/,A,0:07,10:30,2011-02-22,2011-02-22,[''],,unknown,unknown
67149,Lagopus,lagopus,,Willow Ptarmigan,Daniel Lane,United States,"Safety Lagoon Rd, Nome, AK",64.4692,-165.1678,5,song,//www.xeno-canto.org/67149,//www.xeno-canto.org/67149/download,Lagopus.lagopus99-1.mp3,"{'small': '//www.xeno-canto.org/sounds/uploaded/WOEAFQRMUD/ffts/XC67149-small.png', 'med': '//www.xeno-canto.org/sounds/uploaded/WOEAFQRMUD/ffts/XC67149-med.png', 'large': '//www.xeno-canto.org/sounds/uploaded/WOEAFQRMUD/ffts/XC67149-large.png', 'full': '//www.xeno-canto.org/sounds/uploaded/WOEAFQRMUD/ffts/XC67149-full.png'}",//creativecommons.org/licenses/by-nc-sa/3.0/,A,0:22,23:40,1999-06-13,2010-12-25,['Catharus minimus'],"Flight song followed by quieter 'to-BAY-go' vocalizations once landed, as well as single 'cut' calls. In Salix and open beach tundra.",unknown,unknown
65863,Lagopus,lagopus,,Willow Ptarmigan,Ian Cruickshank,Canada,"Haines Road, British Columbia",59.763,-136.603,890,Display calls,//www.xeno-canto.org/65863,//www.xeno-canto.org/65863/download,WIPT.mp3,"{'small': '//www.xeno-canto.org/sounds/uploaded/XEIROMUDEB/ffts/XC65863-small.png', 'med': '//www.xeno-canto.org/sounds/uploaded/XEIROMUDEB/ffts/XC65863-med.png', 'large': '//www.xeno-canto.org/sounds/uploaded/XEIROMUDEB/ffts/XC65863-large.png', 'full': '//www.xeno-canto.org/sounds/uploaded/XEIROMUDEB/ffts/XC65863-full.png'}",//creativecommons.org/licenses/by-nc-nd/2.5/,A,1:43,23:10,2010-07-04,2010-12-04,"['Passerella iliaca', 'Zonotrichia atricapilla']",Sounds from male in display flight over willow scrub.  Sooty Fox Sparrow and Golden-crowned Sparrow song as well.,unknown,unknown
46679,Lagopus,lagopus,,Willow Ptarmigan,Stein Ø. Nilsen,Norway,Straumsbukta ,69.5667,18.6001,25,Display,//www.xeno-canto.org/46679,//www.xeno-canto.org/46679/download,STE-059lirype_2010_strbkt.mp3,"{'small': '//www.xeno-canto.org/sounds/uploaded/TLPLNAINFU/ffts/XC46679-small.png', 'med': '//www.xeno-canto.org/sounds/uploaded/TLPLNAINFU/ffts/XC46679-med.png', 'large': '//www.xeno-canto.org/sounds/uploaded/TLPLNAINFU/ffts/XC46679-large.png', 'full': '//www.xeno-canto.org/sounds/uploaded/TLPLNAINFU/ffts/XC46679-full.png'}",//creativecommons.org/licenses/by-nc-nd/2.5/,A,0:20,04:30,2010-04-07,2010-04-12,[''],"Telinga, Behringer C2 stereo-mics",unknown,unknown
33463,Lagopus,lagopus,,Willow Ptarmigan,Stein Ø. Nilsen,Norway,Straumsbukta ,69.5667,18.6001,16,Song,//www.xeno-canto.org/33463,//www.xeno-canto.org/33463/download,lirype-004.mp3,"{'small': '//www.xeno-canto.org/sounds/uploaded/TLPLNAINFU/ffts/XC33463-small.png', 'med': '//www.xeno-canto.org/sounds/uploaded/TLPLNAINFU/ffts/XC33463-med.png', 'large': '//www.xeno-canto.org/sounds/uploaded/TLPLNAINFU/ffts/XC33463-large.png', 'full': '//www.xeno-canto.org/sounds/uploaded/TLPLNAINFU/ffts/XC33463-full.png'}",//creativecommons.org/licenses/by-nc-nd/2.5/,A,0:08,23:00,2009-04-25,2009-04-27,[''],,unknown,unknown
26648,Lagopus,lagopus,,Willow Ptarmigan,Patrik Åberg,Sweden,"Njulla, Abisko, Lappland",68.3728,18.6987,?,"call, song",//www.xeno-canto.org/26648,//www.xeno-canto.org/26648/download,Dalripa.mp3,"{'small': '//www.xeno-canto.org/sounds/uploaded/BPSDQEOJWG/ffts/XC26648-small.png', 'med': '//www.xeno-canto.org/sounds/uploaded/BPSDQEOJWG/ffts/XC26648-med.png', 'large': '//www.xeno-canto.org/sounds/uploaded/BPSDQEOJWG/ffts/XC26648-large.png', 'full': '//www.xeno-canto.org/sounds/uploaded/BPSDQEOJWG/ffts/XC26648-full.png'}",//creativecommons.org/licenses/by-nc-sa/3.0/,A,1:01,xx:xx,2007-06-23,2008-12-20,[''],,unknown,unknown
25149,Lagopus,lagopus,,Willow Ptarmigan,Niels Krabbe,Finland,Pallastunturi,68.0501,24,500,call when flushed and warning calls,//www.xeno-canto.org/25149,//www.xeno-canto.org/25149/download,3A_451-468_Lagopus_lagopus_flush_and_warning_calls.mp3,"{'small': '//www.xeno-canto.org/sounds/uploaded/XTVEPHMPPJ/ffts/XC25149-small.png', 'med': '//www.xeno-canto.org/sounds/uploaded/XTVEPHMPPJ/ffts/XC25149-med.png', 'large': '//www.xeno-canto.org/sounds/uploaded/XTVEPHMPPJ/ffts/XC25149-large.png', 'full': '//www.xeno-canto.org/sounds/uploaded/XTVEPHMPPJ/ffts/XC25149-full.png'}",//creativecommons.org/licenses/by-nc-sa/3.0/,A,0:14,xx:xx,1982-07-03,2008-12-06,"['Numenius phaeopus', 'Pluvialis apricaria']",Ref. tape A 451-468,unknown,unknown
25146,Lagopus,lagopus,,Willow Ptarmigan,Niels Krabbe,Finland,Pallastunturi,68.0501,24,500,warning call of female near chicks,//www.xeno-canto.org/25146,//www.xeno-canto.org/25146/download,3A_416-430_Lagopus_lagopus_warning_call.mp3,"{'small': '//www.xeno-canto.org/sounds/uploaded/XTVEPHMPPJ/ffts/XC25146-small.png', 'med': '//www.xeno-canto.org/sounds/uploaded/XTVEPHMPPJ/ffts/XC25146-med.png', 'large': '//www.xeno-canto.org/sounds/uploaded/XTVEPHMPPJ/ffts/XC25146-large.png', 'full': '//www.xeno-canto.org/sounds/uploaded/XTVEPHMPPJ/ffts/XC25146-full.png'}",//creativecommons.org/licenses/by-nc-sa/3.0/,A,0:56,xx:xx,1982-07-03,2008-12-06,[''],Ref. tape A 416-430,unknown,unknown
567654,Lagopus,lagopus,,Willow Ptarmigan,Lars Edenius,Sweden,"Stekenjokk, Lappland",65.103,14.447,800,"male, song",//www.xeno-canto.org/567654,//www.xeno-canto.org/567654/download,XC567654-Dalripa_14.mp3,"{'small': '//www.xeno-canto.org/sounds/uploaded/MMEJYLOPDO/ffts/XC567654-small.png', 'med': '//www.xeno-canto.org/sounds/uploaded/MMEJYLOPDO/ffts/XC567654-med.png', 'large': '//www.xeno-canto.org/sounds/uploaded/MMEJYLOPDO/ffts/XC567654-large.png', 'full': '//www.xeno-canto.org/sounds/uploaded/MMEJYLOPDO/ffts/XC567654-full.png'}",//creativecommons.org/licenses/by-nc-sa/4.0/,B,0:59,04:00,2020-06-11,2020-06-12,"['Calcarius lapponicus', 'Anthus pratensis']",,yes,no
567560,Lagopus,lagopus,,Willow Ptarmigan,Lars Edenius,Sweden,"Stekenjokk, Lappland",65.103,14.447,800,"male, song",//www.xeno-canto.org/567560,//www.xeno-canto.org/567560/download,XC567560-Dalripa_12.mp3,"{'small': '//www.xeno-canto.org/sounds/uploaded/MMEJYLOPDO/ffts/XC567560-small.png', 'med': '//www.xeno-canto.org/sounds/uploaded/MMEJYLOPDO/ffts/XC567560-med.png', 'large': '//www.xeno-canto.org/sounds/uploaded/MMEJYLOPDO/ffts/XC567560-large.png', 'full': '//www.xeno-canto.org/sounds/uploaded/MMEJYLOPDO/ffts/XC567560-full.png'}",//creativecommons.org/licenses/by-nc-sa/4.0/,B,0:13,04:00,2020-06-11,2020-06-12,[''],,yes,no
566039,Lagopus,lagopus,,Willow Ptarmigan,Lars Edenius,Sweden,"Väster-Stormyran, Lycksele, Västerbottens",64.669,17.7064,460,song,//www.xeno-canto.org/566039,//www.xeno-canto.org/566039/download,XC566039-Dalripa_11.mp3,"{'small': '//www.xeno-canto.org/sounds/uploaded/MMEJYLOPDO/ffts/XC566039-small.png', 'med': '//www.xeno-canto.org/sounds/uploaded/MMEJYLOPDO/ffts/XC566039-med.png', 'large': '//www.xeno-canto.org/sounds/uploaded/MMEJYLOPDO/ffts/XC566039-large.png', 'full': '//www.xeno-canto.org/sounds/uploaded/MMEJYLOPDO/ffts/XC566039-full.png'}",//creativecommons.org/licenses/by-nc-sa/4.0/,B,0:03,23:00,2020-05-25,2020-06-07,[''],,no,no
509798,Lagopus,lagopus,scotica,Willow Ptarmigan,Andrew Harrop,United Kingdom,"Great Britain (near  Coedpoeth), Wrexham Principal Area, Wales",53.0528,-3.1158,400,call,//www.xeno-canto.org/509798,//www.xeno-canto.org/509798/download,XC509798-191204-RG.mp3,"{'small': '//www.xeno-canto.org/sounds/uploaded/HNYFHZLJOD/ffts/XC509798-small.png', 'med': '//www.xeno-canto.org/sounds/uploaded/HNYFHZLJOD/ffts/XC509798-med.png', 'large': '//www.xeno-canto.org/sounds/uploaded/HNYFHZLJOD/ffts/XC509798-large.png', 'full': '//www.xeno-canto.org/sounds/uploaded/HNYFHZLJOD/ffts/XC509798-full.png'}",//creativecommons.org/licenses/by-nc-sa/4.0/,B,0:13,07:00,2019-12-04,2019-12-04,[''],Pre-dawn calls from birds on moorland.,yes,no
509796,Lagopus,lagopus,,Willow Ptarmigan,Lars Edenius,Sweden,"Krokträsket, Juktådalen, Sorsele",65.6834,16.4472,500,"song, wing beats",//www.xeno-canto.org/509796,//www.xeno-canto.org/509796/download,XC509796-Dalripa_10.mp3,"{'small': '//www.xeno-canto.org/sounds/uploaded/MMEJYLOPDO/ffts/XC509796-small.png', 'med': '//www.xeno-canto.org/sounds/uploaded/MMEJYLOPDO/ffts/XC509796-med.png', 'large': '//www.xeno-canto.org/sounds/uploaded/MMEJYLOPDO/ffts/XC509796-large.png', 'full': '//www.xeno-canto.org/sounds/uploaded/MMEJYLOPDO/ffts/XC509796-full.png'}",//creativecommons.org/licenses/by-nc-sa/4.0/,B,1:08,04:00,2019-04-11,2019-12-04,[''],Inflying birds at lek site pre-dawn,no,no
465158,Lagopus,lagopus,,Willow Ptarmigan,Ulf Elman,Sweden,"Väster-Stormyran, Lycksele, Västerbottens",64.669,17.7064,460,"call, female, male, song",//www.xeno-canto.org/465158,//www.xeno-canto.org/465158/download,XC465158-190402_03 Dalripa.mp3,"{'small': '//www.xeno-canto.org/sounds/uploaded/LKSFUYYSUK/ffts/XC465158-small.png', 'med': '//www.xeno-canto.org/sounds/uploaded/LKSFUYYSUK/ffts/XC465158-med.png', 'large': '//www.xeno-canto.org/sounds/uploaded/LKSFUYYSUK/ffts/XC465158-large.png', 'full': '//www.xeno-canto.org/sounds/uploaded/LKSFUYYSUK/ffts/XC465158-full.png'}",//creativecommons.org/licenses/by-nc-sa/4.0/,B,3:02,05:05,2019-04-02,2019-04-05,['Lagopus lagopus'],"Clearly Lagopus lagopus cocks are heard throughout, like at 02:43.1 and 02:22.4. My question here is what the other calls are. There are two distinctly different call types, type 1 heard at 00:14.8, 00:43, 01:00.4  and 00:08.5, type 2 at 00:02, 00:45 and 01:27.4. Are they both Lagopus lagopus hens?",no,no
444540,Lagopus,lagopus,,Willow Ptarmigan,Lars Edenius,Sweden,"Åsmyran, Umeå, Västerbottens län",63.8923,20.248,50,"call, song",//www.xeno-canto.org/444540,//www.xeno-canto.org/444540/download,XC444540-Dalripa_07.mp3,"{'small': '//www.xeno-canto.org/sounds/uploaded/MMEJYLOPDO/ffts/XC444540-small.png', 'med': '//www.xeno-canto.org/sounds/uploaded/MMEJYLOPDO/ffts/XC444540-med.png', 'large': '//www.xeno-canto.org/sounds/uploaded/MMEJYLOPDO/ffts/XC444540-large.png', 'full': '//www.xeno-canto.org/sounds/uploaded/MMEJYLOPDO/ffts/XC444540-full.png'}",//creativecommons.org/licenses/by-nc-sa/4.0/,B,0:06,06:00,2018-01-14,2018-12-03,[''],,yes,no
437538,Lagopus,lagopus,,Willow Ptarmigan,Lars Edenius,Sweden,"Krokbäck, Umeå Municipality, Västerbottens län",64.1621,20.3613,110,call,//www.xeno-canto.org/437538,//www.xeno-canto.org/437538/download,XC437538-Dalripa_06.mp3,"{'small': '//www.xeno-canto.org/sounds/uploaded/MMEJYLOPDO/ffts/XC437538-small.png', 'med': '//www.xeno-canto.org/sounds/uploaded/MMEJYLOPDO/ffts/XC437538-med.png', 'large': '//www.xeno-canto.org/sounds/uploaded/MMEJYLOPDO/ffts/XC437538-large.png', 'full': '//www.xeno-canto.org/sounds/uploaded/MMEJYLOPDO/ffts/XC437538-full.png'}",//creativecommons.org/licenses/by-nc-sa/4.0/,B,0:04,13:00,2018-10-07,2018-10-07,[''],Flushed birds,yes,no
437536,Lagopus,lagopus,,Willow Ptarmigan,Lars Edenius,Sweden,"Krokbäck, Umeå Municipality, Västerbottens län",64.1621,20.3613,110,call,//www.xeno-canto.org/437536,//www.xeno-canto.org/437536/download,XC437536-Dalripa_04.mp3,"{'small': '//www.xeno-canto.org/sounds/uploaded/MMEJYLOPDO/ffts/XC437536-small.png', 'med': '//www.xeno-canto.org/sounds/uploaded/MMEJYLOPDO/ffts/XC437536-med.png', 'large': '//www.xeno-canto.org/sounds/uploaded/MMEJYLOPDO/ffts/XC437536-large.png', 'full': '//www.xeno-canto.org/sounds/uploaded/MMEJYLOPDO/ffts/XC437536-full.png'}",//creativecommons.org/licenses/by-nc-sa/4.0/,B,0:07,13:00,2018-10-07,2018-10-07,[''],Flushed birds,yes,no
423436,Lagopus,lagopus,,Willow Ptarmigan,Johan Södercrantz,Sweden,"Slåttkölsmyrorna, Ljusdal, Gävleborgs län",61.7587,15.4012,440,"male, song",//www.xeno-canto.org/423436,//www.xeno-canto.org/423436/download,"XC423436-Dalripa, S, Färila.mp3","{'small': '//www.xeno-canto.org/sounds/uploaded/CIHYZWBHFL/ffts/XC423436-small.png', 'med': '//www.xeno-canto.org/sounds/uploaded/CIHYZWBHFL/ffts/XC423436-med.png', 'large': '//www.xeno-canto.org/sounds/uploaded/CIHYZWBHFL/ffts/XC423436-large.png', 'full': '//www.xeno-canto.org/sounds/uploaded/CIHYZWBHFL/ffts/XC423436-full.png'}",//creativecommons.org/licenses/by-nc-sa/4.0/,B,0:04,01:40,2018-06-24,2018-07-02,[''],,yes,yes
421345,Lagopus,lagopus,scotica,Willow Ptarmigan,Fraser Simpson,United Kingdom,Carn an Tuirc,56.9084,-3.3732,650,"call, flight call",//www.xeno-canto.org/421345,//www.xeno-canto.org/421345/download,XC421345-redgrouse114976e.mp3,"{'small': '//www.xeno-canto.org/sounds/uploaded/UEJKHWSCLJ/ffts/XC421345-small.png', 'med': '//www.xeno-canto.org/sounds/uploaded/UEJKHWSCLJ/ffts/XC421345-med.png', 'large': '//www.xeno-canto.org/sounds/uploaded/UEJKHWSCLJ/ffts/XC421345-large.png', 'full': '//www.xeno-canto.org/sounds/uploaded/UEJKHWSCLJ/ffts/XC421345-full.png'}",//creativecommons.org/licenses/by-nc-sa/4.0/,B,0:09,13:30,2018-06-11,2018-06-20,[''],,yes,no
414883,Lagopus,lagopus,,Willow Ptarmigan,Lars Edenius,Sweden,"Umeå stad, Västerbottens län",63.8313,20.2607,10,song,//www.xeno-canto.org/414883,//www.xeno-canto.org/414883/download,XC414883-Dalripa_3.mp3,"{'small': '//www.xeno-canto.org/sounds/uploaded/MMEJYLOPDO/ffts/XC414883-small.png', 'med': '//www.xeno-canto.org/sounds/uploaded/MMEJYLOPDO/ffts/XC414883-med.png', 'large': '//www.xeno-canto.org/sounds/uploaded/MMEJYLOPDO/ffts/XC414883-large.png', 'full': '//www.xeno-canto.org/sounds/uploaded/MMEJYLOPDO/ffts/XC414883-full.png'}",//creativecommons.org/licenses/by-nc-sa/4.0/,B,0:26,22:00,2018-05-10,2018-05-12,['Turdus iliacus'],,no,no
409097,Lagopus,lagopus,,Willow Ptarmigan,Lars Edenius,Sweden,"Åsmyran, Umeå, Västerbottens län",63.8923,20.248,50,"call, song",//www.xeno-canto.org/409097,//www.xeno-canto.org/409097/download,XC409097-Dalripa_2.mp3,"{'small': '//www.xeno-canto.org/sounds/uploaded/MMEJYLOPDO/ffts/XC409097-small.png', 'med': '//www.xeno-canto.org/sounds/uploaded/MMEJYLOPDO/ffts/XC409097-med.png', 'large': '//www.xeno-canto.org/sounds/uploaded/MMEJYLOPDO/ffts/XC409097-large.png', 'full': '//www.xeno-canto.org/sounds/uploaded/MMEJYLOPDO/ffts/XC409097-full.png'}",//creativecommons.org/licenses/by-nc-sa/4.0/,B,0:11,06:30,2018-04-04,2018-04-04,[''],,yes,no
399225,Lagopus,lagopus,,Willow Ptarmigan,Lars Edenius,Sweden,"Åsmyran, Umeå, Västerbottens län",63.8923,20.248,50,"call, song",//www.xeno-canto.org/399225,//www.xeno-canto.org/399225/download,XC399225-Dalripa_1.mp3,"{'small': '//www.xeno-canto.org/sounds/uploaded/MMEJYLOPDO/ffts/XC399225-small.png', 'med': '//www.xeno-canto.org/sounds/uploaded/MMEJYLOPDO/ffts/XC399225-med.png', 'large': '//www.xeno-canto.org/sounds/uploaded/MMEJYLOPDO/ffts/XC399225-large.png', 'full': '//www.xeno-canto.org/sounds/uploaded/MMEJYLOPDO/ffts/XC399225-full.png'}",//creativecommons.org/licenses/by-nc-sa/4.0/,B,0:54,08:00,2018-01-14,2018-01-14,[''],,no,no
366343,Lagopus,lagopus,,Willow Ptarmigan,Stein Ø. Nilsen,Norway,Straumsbukta SNI,69.5778,18.6401,10,"drumming, flight call, male",//www.xeno-canto.org/366343,//www.xeno-canto.org/366343/download,XC366343-170425ZOOM0003_LR-0001LiRype_StrbktPrimo.mp3,"{'small': '//www.xeno-canto.org/sounds/uploaded/TLPLNAINFU/ffts/XC366343-small.png', 'med': '//www.xeno-canto.org/sounds/uploaded/TLPLNAINFU/ffts/XC366343-med.png', 'large': '//www.xeno-canto.org/sounds/uploaded/TLPLNAINFU/ffts/XC366343-large.png', 'full': '//www.xeno-canto.org/sounds/uploaded/TLPLNAINFU/ffts/XC366343-full.png'}",//creativecommons.org/licenses/by-nc-sa/4.0/,B,0:25,01:00,2017-04-25,2017-04-25,[''],H6 and Primo EM-172 in SASS arrangement mounted on fence overnight. -4C and clear skies and snow-covered ground.,no,no
322877,Lagopus,lagopus,,Willow Ptarmigan,Peter Boesman,United States,"Teller road, Nome, Alaska",64.5622,-165.493,10,call,//www.xeno-canto.org/322877,//www.xeno-canto.org/322877/download,XC322877-LS_52132 Willow Ptarmigan call B.mp3,"{'small': '//www.xeno-canto.org/sounds/uploaded/OOECIWCSWV/ffts/XC322877-small.png', 'med': '//www.xeno-canto.org/sounds/uploaded/OOECIWCSWV/ffts/XC322877-med.png', 'large': '//www.xeno-canto.org/sounds/uploaded/OOECIWCSWV/ffts/XC322877-large.png', 'full': '//www.xeno-canto.org/sounds/uploaded/OOECIWCSWV/ffts/XC322877-full.png'}",//creativecommons.org/licenses/by-nc-nd/4.0/,B,0:05,10:00,2016-06-01,2016-06-20,[''],,unknown,unknown
322876,Lagopus,lagopus,,Willow Ptarmigan,Peter Boesman,United States,"Teller road, Nome, Alaska",64.5622,-165.493,10,call,//www.xeno-canto.org/322876,//www.xeno-canto.org/322876/download,XC322876-LS_52131 Willow Ptarmigan calls B.mp3,"{'small': '//www.xeno-canto.org/sounds/uploaded/OOECIWCSWV/ffts/XC322876-small.png', 'med': '//www.xeno-canto.org/sounds/uploaded/OOECIWCSWV/ffts/XC322876-med.png', 'large': '//www.xeno-canto.org/sounds/uploaded/OOECIWCSWV/ffts/XC322876-large.png', 'full': '//www.xeno-canto.org/sounds/uploaded/OOECIWCSWV/ffts/XC322876-full.png'}",//creativecommons.org/licenses/by-nc-nd/4.0/,B,0:40,10:00,2016-06-01,2016-06-20,[''],,unknown,unknown
291524,Lagopus,lagopus,,Willow Ptarmigan,Guido O. Keijl,Sweden,"Sorsele, Västerbottens län",65.9826,16.0651,850,alarm call,//www.xeno-canto.org/291524,//www.xeno-canto.org/291524/download,XC291524-080715_Lagopus_lagopus_chick_Ammarnas_GOKeijl.MP3,"{'small': '//www.xeno-canto.org/sounds/uploaded/HTEZKMGDVJ/ffts/XC291524-small.png', 'med': '//www.xeno-canto.org/sounds/uploaded/HTEZKMGDVJ/ffts/XC291524-med.png', 'large': '//www.xeno-canto.org/sounds/uploaded/HTEZKMGDVJ/ffts/XC291524-large.png', 'full': '//www.xeno-canto.org/sounds/uploaded/HTEZKMGDVJ/ffts/XC291524-full.png'}",//creativecommons.org/licenses/by-nc-sa/4.0/,B,0:29,18:30,2015-07-08,2015-11-22,[''],"Female attending chicks, and chick.",yes,no
269478,Lagopus,lagopus,,Willow Ptarmigan,Davyd Betchkal,United States,"Tanada Lake, Wrangell - St. Elias National Park, Alaska",62.3674,-143.3518,902,call,//www.xeno-canto.org/269478,//www.xeno-canto.org/269478/download,XC269478-WRSTTALA_20150414_093854 Willow Ptarmigan call.mp3,"{'small': '//www.xeno-canto.org/sounds/uploaded/NPYDVIEFTA/ffts/XC269478-small.png', 'med': '//www.xeno-canto.org/sounds/uploaded/NPYDVIEFTA/ffts/XC269478-med.png', 'large': '//www.xeno-canto.org/sounds/uploaded/NPYDVIEFTA/ffts/XC269478-large.png', 'full': '//www.xeno-canto.org/sounds/uploaded/NPYDVIEFTA/ffts/XC269478-full.png'}",//creativecommons.org/licenses/by-nc-sa/4.0/,B,0:22,09:38,2015-04-14,2015-08-20,[''],"Site was located in an open White Spruce stand near a tussock wetland area. Snow and ice likely persisted at the site through mid-April.

Bandpass 200 - 10000 Hz, amplified +25 dBu for clarity.
Repeated guttural call.",no,no
253843,Lagopus,lagopus,,Willow Ptarmigan,Davyd Betchkal,United States,"Black Mountain, Wrangell - St. Elias National Park, Alaska",62.403,-143.665,962,"call, wingbeats",//www.xeno-canto.org/253843,//www.xeno-canto.org/253843/download,XC253843-WRSTBLMT_20150329_093715 Willow Ptarmigan calls and wingbeats TRIM AMPLIFY +3 dBu.mp3,"{'small': '//www.xeno-canto.org/sounds/uploaded/NPYDVIEFTA/ffts/XC253843-small.png', 'med': '//www.xeno-canto.org/sounds/uploaded/NPYDVIEFTA/ffts/XC253843-med.png', 'large': '//www.xeno-canto.org/sounds/uploaded/NPYDVIEFTA/ffts/XC253843-large.png', 'full': '//www.xeno-canto.org/sounds/uploaded/NPYDVIEFTA/ffts/XC253843-full.png'}",//creativecommons.org/licenses/by-nc-sa/4.0/,B,2:31,09:37,2015-03-29,2015-06-25,[''],"A White Spruce stand at the edge of a large open sub-alpine meadow. Site was located near several creeks that drain to the Copper River and Copper Lake, below. Snow likely persisted in the area through mid-May.

Amplified +3 dBu.",no,no
253767,Lagopus,lagopus,,Willow Ptarmigan,Davyd Betchkal,United States,"Tanada Lake, Wrangell - St. Elias National Park, Alaska",62.3674,-143.3518,902,call,//www.xeno-canto.org/253767,//www.xeno-canto.org/253767/download,XC253767-WRSTTALA_20150416_045228 Willow Ptarmigan calls.mp3,"{'small': '//www.xeno-canto.org/sounds/uploaded/NPYDVIEFTA/ffts/XC253767-small.png', 'med': '//www.xeno-canto.org/sounds/uploaded/NPYDVIEFTA/ffts/XC253767-med.png', 'large': '//www.xeno-canto.org/sounds/uploaded/NPYDVIEFTA/ffts/XC253767-large.png', 'full': '//www.xeno-canto.org/sounds/uploaded/NPYDVIEFTA/ffts/XC253767-full.png'}",//creativecommons.org/licenses/by-nc-sa/4.0/,B,5:10,04:52,2015-04-16,2015-06-25,[''],"Site was located in an open White Spruce stand near a tussock wetland area.  Snow and ice likely persisted at the site through mid-April.

Recording amplified +15 dBU

A particularly clear call begins around 0:12.",no,no
209764,Lagopus,lagopus,,Willow Ptarmigan,Davyd Betchkal,United States,"Blind Creek, Denali National Park, Alaska",63.2175,-149.6626,1061,call,//www.xeno-canto.org/209764,//www.xeno-canto.org/209764/download,XC209764-DENABLCR_20140719_010630 Willow Ptarmigan.mp3,"{'small': '//www.xeno-canto.org/sounds/uploaded/NPYDVIEFTA/ffts/XC209764-small.png', 'med': '//www.xeno-canto.org/sounds/uploaded/NPYDVIEFTA/ffts/XC209764-med.png', 'large': '//www.xeno-canto.org/sounds/uploaded/NPYDVIEFTA/ffts/XC209764-large.png', 'full': '//www.xeno-canto.org/sounds/uploaded/NPYDVIEFTA/ffts/XC209764-full.png'}",//creativecommons.org/licenses/by-nc-sa/4.0/,B,2:02,01:06,2014-07-19,2015-01-09,[''],"Habitat:  A windy alpine location with persistent snowfields.  Site vegetation was Dryas tundra and closed low willow scrub.  

Bandpass from 150 - 8000 Hz, amplification +15 dBu.",no,no
198608,Lagopus,lagopus,scotica,Willow Ptarmigan,Sander Pieterse,United Kingdom,"Hope Woodlands Moor, intersection of Pennine Way and Snake Road, Peak District National Park, England",53.4334,-1.8682,500,call,//www.xeno-canto.org/198608,//www.xeno-canto.org/198608/download,XC198608-SP_England_2014_Red_Grouse_calls_(Peak_District_NP).MP3,"{'small': '//www.xeno-canto.org/sounds/uploaded/HMLZGZJENG/ffts/XC198608-small.png', 'med': '//www.xeno-canto.org/sounds/uploaded/HMLZGZJENG/ffts/XC198608-med.png', 'large': '//www.xeno-canto.org/sounds/uploaded/HMLZGZJENG/ffts/XC198608-large.png', 'full': '//www.xeno-canto.org/sounds/uploaded/HMLZGZJENG/ffts/XC198608-full.png'}",//creativecommons.org/licenses/by-nc-nd/4.0/,B,0:32,18:12,2014-09-19,2014-10-12,[''],"One bird (part of a larger group of around 20 birds) in in very low roadside shrubs. Weather was incredibly misty. Recording filtered slightly to remove noise of passing cars (as the bird was just along the busy Snake road, this was the only useable part of a larger recording). Recorded with internal microphone of Edirol R09-HR.",yes,no
177475,Lagopus,lagopus,,Willow Ptarmigan,Davyd Betchkal,United States,"Hogan Creek - Station 3, Denali National Park, AK",63.7233,-149.4086,888,"call, song",//www.xeno-canto.org/177475,//www.xeno-canto.org/177475/download,"XC177475-DENAHOG3_20120601_053515 Willow Ptarmigan call, American Tree Sparrow background.mp3","{'small': '//www.xeno-canto.org/sounds/uploaded/NPYDVIEFTA/ffts/XC177475-small.png', 'med': '//www.xeno-canto.org/sounds/uploaded/NPYDVIEFTA/ffts/XC177475-med.png', 'large': '//www.xeno-canto.org/sounds/uploaded/NPYDVIEFTA/ffts/XC177475-large.png', 'full': '//www.xeno-canto.org/sounds/uploaded/NPYDVIEFTA/ffts/XC177475-full.png'}",//creativecommons.org/licenses/by-nc-sa/4.0/,B,0:48,05:35,2012-06-01,2014-05-06,['Spizelloides arborea'],"An area of dwarf birch, ericaceous shrubs, and lichen above Hogan Creek - a small, fast moving stream bordered by ~2 m willow shrubs and spruce.  This site was approximately 450 m from the creek at the very closest.",no,no
177474,Lagopus,lagopus,,Willow Ptarmigan,Davyd Betchkal,United States,"Hogan Creek - Station 3, Denali National Park, AK",63.7233,-149.4086,888,"call, song",//www.xeno-canto.org/177474,//www.xeno-canto.org/177474/download,XC177474-DENAHOG3_20120601_003558 Willow Ptarmigan.mp3,"{'small': '//www.xeno-canto.org/sounds/uploaded/NPYDVIEFTA/ffts/XC177474-small.png', 'med': '//www.xeno-canto.org/sounds/uploaded/NPYDVIEFTA/ffts/XC177474-med.png', 'large': '//www.xeno-canto.org/sounds/uploaded/NPYDVIEFTA/ffts/XC177474-large.png', 'full': '//www.xeno-canto.org/sounds/uploaded/NPYDVIEFTA/ffts/XC177474-full.png'}",//creativecommons.org/licenses/by-nc-sa/4.0/,B,0:09,00:35,2012-06-01,2014-05-06,[''],"An area of dwarf birch, ericaceous shrubs, and lichen above Hogan Creek - a small, fast moving stream bordered by ~2 m willow shrubs and spruce.  This site was approximately 450 m from the creek at the very closest.",no,no
157775,Lagopus,lagopus,,Willow Ptarmigan,Davyd Betchkal,United States,"Polychrome Mountain - Station 2, AK",63.5282,-149.8789,1072,song,//www.xeno-canto.org/157775,//www.xeno-canto.org/157775/download,XC157775-DENAPOL2_20120619_065734 Willow Ptarmigan call.mp3,"{'small': '//www.xeno-canto.org/sounds/uploaded/NPYDVIEFTA/ffts/XC157775-small.png', 'med': '//www.xeno-canto.org/sounds/uploaded/NPYDVIEFTA/ffts/XC157775-med.png', 'large': '//www.xeno-canto.org/sounds/uploaded/NPYDVIEFTA/ffts/XC157775-large.png', 'full': '//www.xeno-canto.org/sounds/uploaded/NPYDVIEFTA/ffts/XC157775-full.png'}",//creativecommons.org/licenses/by-nc-sa/3.0/,B,0:18,06:57,2012-06-19,2013-12-14,[''],In an open thicket of relatively tall (1.5 m) felt-leaf Salix and compact (0.3 m tall) Potentilla shrub.  Ground cover was mainly sedges and grasses.  Site was at the base of Polychrome Mountain and about 100 meters east of a tributary stream of the Toklat River (about 500-700 meters distant.),no,no
148742,Lagopus,lagopus,alascensis,Willow Ptarmigan,Davyd Betchkal,United States,Toe of the Kanikula Glacier,62.703,-150.908,340,song,//www.xeno-canto.org/148742,//www.xeno-canto.org/148742/download,XC148742-DENATKAN_20120520_023804 Willow Ptarmigan.mp3,"{'small': '//www.xeno-canto.org/sounds/uploaded/NPYDVIEFTA/ffts/XC148742-small.png', 'med': '//www.xeno-canto.org/sounds/uploaded/NPYDVIEFTA/ffts/XC148742-med.png', 'large': '//www.xeno-canto.org/sounds/uploaded/NPYDVIEFTA/ffts/XC148742-large.png', 'full': '//www.xeno-canto.org/sounds/uploaded/NPYDVIEFTA/ffts/XC148742-full.png'}",//creativecommons.org/licenses/by-nc-sa/3.0/,B,0:22,02:38,2012-05-20,2013-09-26,[''],,no,no
147736,Lagopus,lagopus,alascensis,Willow Ptarmigan,Davyd Betchkal,United States,"West Kantishna Hills, Alaska",63.743,-150.87,440,song,//www.xeno-canto.org/147736,//www.xeno-canto.org/147736/download,XC147736-DENAWEKH_20110724_030648 Willow Ptarmigan.mp3,"{'small': '//www.xeno-canto.org/sounds/uploaded/NPYDVIEFTA/ffts/XC147736-small.png', 'med': '//www.xeno-canto.org/sounds/uploaded/NPYDVIEFTA/ffts/XC147736-med.png', 'large': '//www.xeno-canto.org/sounds/uploaded/NPYDVIEFTA/ffts/XC147736-large.png', 'full': '//www.xeno-canto.org/sounds/uploaded/NPYDVIEFTA/ffts/XC147736-full.png'}",//creativecommons.org/licenses/by-nc-sa/3.0/,B,0:16,03:07,2011-07-24,2013-09-18,[''],"Flight song.  Low-shrub / sedge habitat in the Kantishna Hills with a deep, spongy moss underlayer.  Stunted spruce about 200 feet up a shallow slope.",no,no
145215,Lagopus,lagopus,brevirostris,Willow Ptarmigan,Thijs Fijen,Kazakhstan,"Rachmanovskiy lake, Altai",49.551,86.499,2436,Call,//www.xeno-canto.org/145215,//www.xeno-canto.org/145215/download,XC145215-Moerassneeuwhoen_20130702_16_roep.mp3,"{'small': '//www.xeno-canto.org/sounds/uploaded/YEEQSGIKMT/ffts/XC145215-small.png', 'med': '//www.xeno-canto.org/sounds/uploaded/YEEQSGIKMT/ffts/XC145215-med.png', 'large': '//www.xeno-canto.org/sounds/uploaded/YEEQSGIKMT/ffts/XC145215-large.png', 'full': '//www.xeno-canto.org/sounds/uploaded/YEEQSGIKMT/ffts/XC145215-full.png'}",//creativecommons.org/licenses/by-nc-sa/3.0/,B,0:23,15:40,2013-07-02,2013-08-15,[''],Cutted out long silence,yes,no
95351,Lagopus,lagopus,,Willow Ptarmigan,Stein Ø. Nilsen,Norway,Straumsbukta SNI,69.5778,18.6401,25,Song,//www.xeno-canto.org/95351,//www.xeno-canto.org/95351/download,lirype-026_220212Strbkt.mp3,"{'small': '//www.xeno-canto.org/sounds/uploaded/TLPLNAINFU/ffts/XC95351-small.png', 'med': '//www.xeno-canto.org/sounds/uploaded/TLPLNAINFU/ffts/XC95351-med.png', 'large': '//www.xeno-canto.org/sounds/uploaded/TLPLNAINFU/ffts/XC95351-large.png', 'full': '//www.xeno-canto.org/sounds/uploaded/TLPLNAINFU/ffts/XC95351-full.png'}",//creativecommons.org/licenses/by-nc-nd/2.5/,B,0:06,07:30,2012-02-22,2012-02-22,[''],Snowing and wind! Telinga stereo H4n tripod,unknown,unknown
46678,Lagopus,lagopus,,Willow Ptarmigan,Stein Ø. Nilsen,Norway,Straumsbukta ,69.5667,18.6001,25,Display,//www.xeno-canto.org/46678,//www.xeno-canto.org/46678/download,STE-060lirype.mp3,"{'small': '//www.xeno-canto.org/sounds/uploaded/TLPLNAINFU/ffts/XC46678-small.png', 'med': '//www.xeno-canto.org/sounds/uploaded/TLPLNAINFU/ffts/XC46678-med.png', 'large': '//www.xeno-canto.org/sounds/uploaded/TLPLNAINFU/ffts/XC46678-large.png', 'full': '//www.xeno-canto.org/sounds/uploaded/TLPLNAINFU/ffts/XC46678-full.png'}",//creativecommons.org/licenses/by-nc-nd/2.5/,B,1:09,04:30,2010-04-07,2010-04-12,[''],"Telinga, Behringer C2 stereo-mics",unknown,unknown
33632,Lagopus,lagopus,,Willow Ptarmigan,Stein Ø. Nilsen,Norway,Straumsbukta ,69.5667,18.6001,16,Song,//www.xeno-canto.org/33632,//www.xeno-canto.org/33632/download,LirypesteggHIGH-010.mp3,"{'small': '//www.xeno-canto.org/sounds/uploaded/TLPLNAINFU/ffts/XC33632-small.png', 'med': '//www.xeno-canto.org/sounds/uploaded/TLPLNAINFU/ffts/XC33632-med.png', 'large': '//www.xeno-canto.org/sounds/uploaded/TLPLNAINFU/ffts/XC33632-large.png', 'full': '//www.xeno-canto.org/sounds/uploaded/TLPLNAINFU/ffts/XC33632-full.png'}",//creativecommons.org/licenses/by-nc-nd/2.5/,B,0:58,23:00,2009-04-30,2009-05-01,[''],Displaying,unknown,unknown
33462,Lagopus,lagopus,,Willow Ptarmigan,Stein Ø. Nilsen,Norway,Straumsbukta ,69.5667,18.6001,16,Song,//www.xeno-canto.org/33462,//www.xeno-canto.org/33462/download,rypemaasespove004.mp3,"{'small': '//www.xeno-canto.org/sounds/uploaded/TLPLNAINFU/ffts/XC33462-small.png', 'med': '//www.xeno-canto.org/sounds/uploaded/TLPLNAINFU/ffts/XC33462-med.png', 'large': '//www.xeno-canto.org/sounds/uploaded/TLPLNAINFU/ffts/XC33462-large.png', 'full': '//www.xeno-canto.org/sounds/uploaded/TLPLNAINFU/ffts/XC33462-full.png'}",//creativecommons.org/licenses/by-nc-nd/2.5/,B,0:16,23:00,2009-04-25,2009-04-27,['Numenius arquata'],,unknown,unknown
431128,Lagopus,lagopus,,Willow Ptarmigan,Albert Lastukhin,Russian Federation,"Purovsky District, Yamalo-Nenets Autonomous Okrug",63.4902,77.0098,60,"male, song",//www.xeno-canto.org/431128,//www.xeno-canto.org/431128/download,"XC431128-Lagopus lagopus 180605_010,C1.MP3","{'small': '//www.xeno-canto.org/sounds/uploaded/LELYWQKUZX/ffts/XC431128-small.png', 'med': '//www.xeno-canto.org/sounds/uploaded/LELYWQKUZX/ffts/XC431128-med.png', 'large': '//www.xeno-canto.org/sounds/uploaded/LELYWQKUZX/ffts/XC431128-large.png', 'full': '//www.xeno-canto.org/sounds/uploaded/LELYWQKUZX/ffts/XC431128-full.png'}",//creativecommons.org/licenses/by-nc-sa/4.0/,C,0:11,01:30,2018-06-05,2018-08-17,[''],,yes,no
356979,Lagopus,lagopus,,Willow Ptarmigan,Antero Lindholm,Finland,"Vieremä, Ylä-Savo, Northern Savonia",63.9366,27.1351,200,call,//www.xeno-canto.org/356979,//www.xeno-canto.org/356979/download,XC356979-Laglag 20030518 Sonkajarvi AL03B79.mp3,"{'small': '//www.xeno-canto.org/sounds/uploaded/KTBTZAHSXF/ffts/XC356979-small.png', 'med': '//www.xeno-canto.org/sounds/uploaded/KTBTZAHSXF/ffts/XC356979-med.png', 'large': '//www.xeno-canto.org/sounds/uploaded/KTBTZAHSXF/ffts/XC356979-large.png', 'full': '//www.xeno-canto.org/sounds/uploaded/KTBTZAHSXF/ffts/XC356979-full.png'}",//creativecommons.org/licenses/by-nc-sa/4.0/,C,0:21,01:00,2003-05-18,2017-02-26,[''],Male on small forestry road in the middle of the night. Making very soft calls.,yes,no
209765,Lagopus,lagopus,,Willow Ptarmigan,Davyd Betchkal,United States,"Blind Creek, Denali National Park, Alaska",63.2175,-149.6626,1061,call,//www.xeno-canto.org/209765,//www.xeno-canto.org/209765/download,XC209765-DENABLCR_20140719_012456 clear Willow Ptarmigan.mp3,"{'small': '//www.xeno-canto.org/sounds/uploaded/NPYDVIEFTA/ffts/XC209765-small.png', 'med': '//www.xeno-canto.org/sounds/uploaded/NPYDVIEFTA/ffts/XC209765-med.png', 'large': '//www.xeno-canto.org/sounds/uploaded/NPYDVIEFTA/ffts/XC209765-large.png', 'full': '//www.xeno-canto.org/sounds/uploaded/NPYDVIEFTA/ffts/XC209765-full.png'}",//creativecommons.org/licenses/by-nc-sa/4.0/,C,0:58,01:24,2014-07-19,2015-01-09,[''],"Habitat:  A windy alpine location with persistent snowfields.  Site vegetation was Dryas tundra and closed low willow scrub.  

Bandpass from 150 - 8000 Hz, amplification +15 dBu.

Several individuals.  Clearest section begins around 0:24.",no,no
110507,Lagopus,lagopus,alascensis,Willow Ptarmigan,Davyd Betchkal,United States,"Herron Glacier, Alaska",63.079,-151.666,1115,song,//www.xeno-canto.org/110507,//www.xeno-canto.org/110507/download,DENAHEGL_20110722_033711_Willow_Ptarmigan_call.mp3,"{'small': '//www.xeno-canto.org/sounds/uploaded/NPYDVIEFTA/ffts/XC110507-small.png', 'med': '//www.xeno-canto.org/sounds/uploaded/NPYDVIEFTA/ffts/XC110507-med.png', 'large': '//www.xeno-canto.org/sounds/uploaded/NPYDVIEFTA/ffts/XC110507-large.png', 'full': '//www.xeno-canto.org/sounds/uploaded/NPYDVIEFTA/ffts/XC110507-full.png'}",//creativecommons.org/licenses/by-nc-nd/2.5/,C,0:11,03:37:11,2012-07-22,2012-10-03,[''],flight song of male.  glacially-fed river in the background.,unknown,unknown
431127,Lagopus,lagopus,,Willow Ptarmigan,Albert Lastukhin,Russian Federation,"Purovsky District, Yamalo-Nenets Autonomous Okrug",63.4902,77.0098,60,"male, song",//www.xeno-canto.org/431127,//www.xeno-canto.org/431127/download,"XC431127-Lagopus lagopus 180605_010,C.MP3","{'small': '//www.xeno-canto.org/sounds/uploaded/LELYWQKUZX/ffts/XC431127-small.png', 'med': '//www.xeno-canto.org/sounds/uploaded/LELYWQKUZX/ffts/XC431127-med.png', 'large': '//www.xeno-canto.org/sounds/uploaded/LELYWQKUZX/ffts/XC431127-large.png', 'full': '//www.xeno-canto.org/sounds/uploaded/LELYWQKUZX/ffts/XC431127-full.png'}",//creativecommons.org/licenses/by-nc-sa/4.0/,D,0:10,01:30,2018-06-05,2018-08-17,[''],,yes,no
294944,Lagopus,lagopus,,Willow Ptarmigan,Mikael Litsgård,Sweden,"Stortjärnen, Ljungdalen, Jämtland",62.8406,12.767,850,call,//www.xeno-canto.org/294944,//www.xeno-canto.org/294944/download,XC294944-150702_0641 Lagopus lagopus.mp3,"{'small': '//www.xeno-canto.org/sounds/uploaded/WBXWQVRTFL/ffts/XC294944-small.png', 'med': '//www.xeno-canto.org/sounds/uploaded/WBXWQVRTFL/ffts/XC294944-med.png', 'large': '//www.xeno-canto.org/sounds/uploaded/WBXWQVRTFL/ffts/XC294944-large.png', 'full': '//www.xeno-canto.org/sounds/uploaded/WBXWQVRTFL/ffts/XC294944-full.png'}",//creativecommons.org/licenses/by-nc-sa/4.0/,D,0:11,06:41,2015-07-02,2015-12-13,[''],Calls from a single bird sitting on a rock in the morning fog.,yes,no
181108,Lagopus,lagopus,,Willow Ptarmigan,Elias A. Ryberg,Norway,"Tynset, Hedmark",62.5896,10.5599,950,"alarm call, call, female, male",//www.xeno-canto.org/181108,//www.xeno-canto.org/181108/download,XC181108-Lirype XC Grøndalen 140527_204742_AERY1872.mp3,"{'small': '//www.xeno-canto.org/sounds/uploaded/RFGQDPLDEC/ffts/XC181108-small.png', 'med': '//www.xeno-canto.org/sounds/uploaded/RFGQDPLDEC/ffts/XC181108-med.png', 'large': '//www.xeno-canto.org/sounds/uploaded/RFGQDPLDEC/ffts/XC181108-large.png', 'full': '//www.xeno-canto.org/sounds/uploaded/RFGQDPLDEC/ffts/XC181108-full.png'}",//creativecommons.org/licenses/by-nc-sa/4.0/,D,2:50,21:00,2014-05-27,2014-06-04,"['Luscinia svecica', 'Phylloscopus trochilus', 'Grus grus', 'Anthus pratensis']",,yes,no
145657,Lagopus,lagopus,scotica,Willow Ptarmigan,Patrik Åberg,United Kingdom,"North York Moors National Park, North Yorkshire",54.3872,-0.8927,340,"alarm call, female",//www.xeno-canto.org/145657,//www.xeno-canto.org/145657/download,XC145657-Moripa-(2013-07-08 11.56)-[0.34]-LS113455.mp3,"{'small': '//www.xeno-canto.org/sounds/uploaded/BPSDQEOJWG/ffts/XC145657-small.png', 'med': '//www.xeno-canto.org/sounds/uploaded/BPSDQEOJWG/ffts/XC145657-med.png', 'large': '//www.xeno-canto.org/sounds/uploaded/BPSDQEOJWG/ffts/XC145657-large.png', 'full': '//www.xeno-canto.org/sounds/uploaded/BPSDQEOJWG/ffts/XC145657-full.png'}",//creativecommons.org/licenses/by-nc-sa/3.0/,D,0:34,11:56,2013-07-08,2013-08-18,['Anthus pratensis'],,yes,no
